GEOID,TRACT,CENTLAT,CENTLON
36005000100,100,40.792777,-73.88359009999999
36005000200,200,40.805887299999995,-73.8600032
36005000400,400,40.8081646,-73.8506842
36005001600,1600,40.81884779999999,-73.8580764
36005001900,1900,40.8012428,-73.9095872
36005002000,2000,40.8175801,-73.8660962
36005002300,2300,40.8090843,-73.92584609999999
36005002400,2400,40.8150219,-73.8705095
36005002500,2500,40.8070029,-73.9208781
36005002701,2701,40.805051399999996,-73.9163293
36005002702,2702,40.8064374,-73.913737
36005002800,2800,40.8216128,-73.8782264
36005003100,3100,40.8098763,-73.9056946
36005003300,3300,40.8082226,-73.91192459999999
36005003500,3500,40.810965100000004,-73.9086696
36005003700,3700,40.8114424,-73.912187
36005003800,3800,40.8202946,-73.8633435
36005003900,3900,40.8097217,-73.9214264
36005004001,4001,40.8282719,-73.8583355
36005004100,4100,40.8113856,-73.9194099
36005004200,4200,40.823930700000005,-73.8620059
36005004300,4300,40.8136213,-73.91703759999999
36005004400,4400,40.8265305,-73.8663677
36005004600,4600,40.8224207,-73.8691745
36005004800,4800,40.82700429999999,-73.87432390000001
36005005001,5001,40.824996999999996,-73.8778533
36005005002,5002,40.8273629,-73.878435
36005005100,5100,40.813308,-73.92738220000001
36005005200,5200,40.825641600000004,-73.8824356
36005005300,5300,40.852212200000004,-73.921778
36005005400,5400,40.8298875,-73.8797806
36005005600,5600,40.832611799999995,-73.8790757
36005005902,5902,40.824086,-73.9234467
36005006000,6000,40.8377032,-73.8780437
36005006100,6100,40.8222516,-73.92266690000001
36005006200,6200,40.8332811,-73.8754495
36005006300,6300,40.8238902,-73.9282932
36005006400,6400,40.832964600000004,-73.87217009999999
36005006500,6500,40.8173917,-73.9216557
36005006700,6700,40.819502299999996,-73.9181767
36005006800,6800,40.82896029999999,-73.8705138
36005006900,6900,40.8218666,-73.9157567
36005007000,7000,40.8298152,-73.8656233
36005007100,7100,40.818220600000004,-73.912832
36005007200,7200,40.831045200000005,-73.8606985
36005007300,7300,40.8146752,-73.909389
36005007400,7400,40.8194734,-73.8528608
36005007500,7500,40.8187783,-73.9086255
36005007600,7600,40.8333737,-73.8676538
36005007700,7700,40.819733899999996,-73.90442309999999
36005007800,7800,40.8291526,-73.85280379999999
36005007900,7900,40.815792,-73.9048714
36005008300,8300,40.8136778,-73.90184
36005008400,8400,40.8156088,-73.8477354
36005008500,8500,40.816276200000004,-73.89908309999998
36005008600,8600,40.8198789,-73.849806
36005008700,8700,40.819672,-73.8972847
36005008900,8900,40.8185638,-73.893918
36005009000,9000,40.81476729999999,-73.8410806
36005009200,9200,40.8323343,-73.8521043
36005009300,9300,40.8056599,-73.8856787
36005009600,9600,40.83444,-73.8437619
36005009800,9800,40.8254412,-73.84951509999999
36005011000,11000,40.814640600000004,-73.8317832
36005011502,11502,40.819737200000006,-73.8860439
36005011700,11700,40.8090644,-73.8746569
36005011800,11800,40.809001200000004,-73.7976181
36005011900,11900,40.823290500000006,-73.88959840000001
36005012101,12101,40.8282767,-73.88887840000001
36005012102,12102,40.8260142,-73.8879213
36005012300,12300,40.8286411,-73.88745909999999
36005012500,12500,40.82864620000001,-73.89351640000001
36005012701,12701,40.8256393,-73.8923237
36005012901,12901,40.8226294,-73.89873399999999
36005013000,13000,40.8193055,-73.8147485
36005013100,13100,40.825953999999996,-73.8978818
36005013200,13200,40.8115669,-73.8193327
36005013300,13300,40.8228226,-73.903485
36005013500,13500,40.8271333,-73.9020964
36005013800,13800,40.8217445,-73.79458829999999
36005014100,14100,40.8237658,-73.9122955
36005014300,14300,40.8277474,-73.91212979999999
36005014400,14400,40.821237200000006,-73.82336690000001
36005014500,14500,40.831511,-73.9070316
36005014701,14701,40.8342262,-73.9053292
36005014702,14702,40.836535,-73.9043915
36005014900,14900,40.8326134,-73.90147809999999
36005015100,15100,40.831089299999995,-73.89847569999999
36005015200,15200,40.8262959,-73.8249969
36005015300,15300,40.8334461,-73.89413640000001
36005015500,15500,40.835595899999994,-73.8899678
36005015700,15700,40.8329807,-73.8854505
36005015800,15800,40.8248596,-73.818621
36005015900,15900,40.8223699,-73.89355690000001
36005016000,16000,40.831754700000005,-73.8033885
36005016100,16100,40.836881,-73.8850118
36005016200,16200,40.828850200000005,-73.8217593
36005016300,16300,40.8385749,-73.89500749999999
36005016400,16400,40.8321977,-73.8248492
36005016500,16500,40.8430508,-73.9002115
36005016600,16600,40.829407399999994,-73.830366
36005016700,16700,40.840486999999996,-73.9022078
36005016900,16900,40.8377899,-73.9027246
36005017100,17100,40.8403719,-73.9075096
36005017300,17300,40.826296,-73.9165227
36005017500,17500,40.8308225,-73.9136512
36005017701,17701,40.8331958,-73.91117740000001
36005017702,17702,40.8361778,-73.9095493
36005017901,17901,40.834835,-73.9151866
36005017902,17902,40.8370141,-73.91349890000001
36005018101,18101,40.831607399999996,-73.9161112
36005018102,18102,40.8322651,-73.9181383
36005018301,18301,40.8286371,-73.92081329999999
36005018302,18302,40.827911900000004,-73.91875209999999
36005018400,18400,40.8374214,-73.82930079999998
36005018500,18500,40.8267063,-73.90746779999999
36005018900,18900,40.8317422,-73.9301593
36005019300,19300,40.8363125,-73.929322
36005019400,19400,40.833420000000004,-73.83621090000001
36005019500,19500,40.8304775,-73.9225235
36005019700,19700,40.835204600000004,-73.9199777
36005019900,19900,40.8367451,-73.925441
36005020000,20000,40.8429687,-73.8455113
36005020100,20100,40.8420908,-73.9270027
36005020200,20200,40.8384912,-73.8475792
36005020400,20400,40.840856,-73.850871
36005020501,20501,40.8473921,-73.9237042
36005020502,20502,40.8513528,-73.9194602
36005020601,20601,40.83662329999999,-73.8505251
36005020900,20900,40.843067700000006,-73.9150369
36005021001,21001,40.8408055,-73.85827940000001
36005021002,21002,40.8384723,-73.8565194
36005021100,21100,40.8404508,-73.9234996
36005021200,21200,40.836122499999995,-73.8589736
36005021301,21301,40.845508200000005,-73.91977929999999
36005021302,21302,40.84297670000001,-73.92036429999999
36005021501,21501,40.8494359,-73.9182368
36005021502,21502,40.8480615,-73.91668620000002
36005021601,21601,40.83753529999999,-73.86482
36005021602,21602,40.8371834,-73.8622691
36005021700,21700,40.8481946,-73.9132696
36005021800,21800,40.8373904,-73.869755
36005021900,21900,40.839647,-73.9196115
36005022000,22000,40.8434685,-73.8723309
36005022101,22101,40.8382736,-73.9181358
36005022102,22102,40.8376823,-73.9160774
36005022200,22200,40.8356844,-73.8552135
36005022300,22300,40.840542799999994,-73.91509090000001
36005022401,22401,40.855017100000005,-73.868507
36005022403,22403,40.8564763,-73.8654304
36005022404,22404,40.8527445,-73.86630090000001
36005022500,22500,40.8401234,-73.91097109999998
36005022701,22701,40.8468094,-73.9110498
36005022702,22702,40.844474100000006,-73.9132423
36005022703,22703,40.8440198,-73.9104999
36005022800,22800,40.8534896,-73.8635363
36005022901,22901,40.846107200000006,-73.9071728
36005022902,22902,40.843786200000004,-73.9072135
36005023000,23000,40.84928729999999,-73.86601540000001
36005023100,23100,40.8461445,-73.9024996
36005023200,23200,40.8469746,-73.86331640000002
36005023301,23301,40.849553799999995,-73.908715
36005023302,23302,40.8482057,-73.9046739
36005023501,23501,40.8521923,-73.90453609999999
36005023502,23502,40.8513349,-73.9034407
36005023600,23600,40.8450904,-73.86725940000001
36005023702,23702,40.8606549,-73.8973142
36005023703,23703,40.86004260000001,-73.8995705
36005023704,23704,40.8562676,-73.9019054
36005023800,23800,40.8437093,-73.8610752
36005023900,23900,40.858889899999994,-73.9028771
36005024000,24000,40.841618200000006,-73.86886170000001
36005024100,24100,40.8531499,-73.90618509999999
36005024300,24300,40.8524326,-73.91153259999999
36005024400,24400,40.8462492,-73.8575203
36005024501,24501,40.8528844,-73.9155029
36005024502,24502,40.8551013,-73.9135611
36005024600,24600,40.8516098,-73.8611557
36005024700,24700,40.8554885,-73.9184646
36005024800,24800,40.8553409,-73.85840970000001
36005024900,24900,40.8574375,-73.91314129999999
36005025000,25000,40.851706400000005,-73.85570059999999
36005025100,25100,40.85652460000001,-73.9077291
36005025200,25200,40.847132,-73.8549662
36005025300,25300,40.8610106,-73.9045321
36005025400,25400,40.8484985,-73.85247729999999
36005025500,25500,40.8605391,-73.9089561
36005025600,25600,40.8443911,-73.850219
36005025700,25700,40.8599935,-73.9147824
36005026100,26100,40.86665,-73.9058809
36005026300,26300,40.8647888,-73.9044333
36005026400,26400,40.841780799999995,-73.83207809999999
36005026500,26500,40.866188,-73.90024770000001
36005026601,26601,40.84744439999999,-73.83413940000001
36005026602,26602,40.845992100000004,-73.8306465
36005026701,26701,40.8693417,-73.9011885
36005026702,26702,40.87226029999999,-73.9001321
36005026900,26900,40.8674811,-73.90874759999998
36005027300,27300,40.8739329,-73.90328459999999
36005027401,27401,40.8404245,-73.8226412
36005027402,27402,40.84287020000001,-73.8146728
36005027600,27600,40.8544606,-73.8197478
36005027700,27700,40.878402,-73.90140629999999
36005027900,27900,40.8824834,-73.8972276
36005028100,28100,40.883807,-73.89067879999999
36005028300,28300,40.880924900000004,-73.9023158
36005028400,28400,40.8493866,-73.83872190000001
36005028500,28500,40.8864175,-73.9025909
36005028600,28600,40.849174,-73.8478592
36005028700,28700,40.88271470000001,-73.90465640000001
36005028800,28800,40.854292,-73.8514783
36005028900,28900,40.879554999999996,-73.9072892
36005029301,29301,40.8838717,-73.9255749
36005029302,29302,40.879285100000004,-73.91583890000001
36005029500,29500,40.8848984,-73.90856459999999
36005029600,29600,40.85537479999999,-73.8450048
36005029700,29700,40.8849993,-73.91177859999999
36005030000,30000,40.8522011,-73.8312345
36005030100,30100,40.883280400000004,-73.9179116
36005030200,30200,40.8636526,-73.822185
36005030701,30701,40.8931975,-73.9105904
36005030900,30900,40.8996311,-73.91793630000001
36005031000,31000,40.8612344,-73.8360747
36005031200,31200,40.8620468,-73.8424522
36005031400,31400,40.861548600000006,-73.8455438
36005031600,31600,40.861971600000004,-73.84872469999999
36005031800,31800,40.861954499999996,-73.8515677
36005031900,31900,40.91402120000001,-73.9108866
36005032300,32300,40.9053119,-73.9075469
36005032400,32400,40.861341499999995,-73.85970520000001
36005032600,32600,40.862187799999994,-73.85547779999999
36005032800,32800,40.8617366,-73.86313009999999
36005033000,33000,40.8616561,-73.8660255
36005033201,33201,40.859475599999996,-73.8692323
36005033202,33202,40.8633818,-73.86894129999999
36005033400,33400,40.85780220000001,-73.8754908
36005033500,33500,40.8942652,-73.9052413
36005033600,33600,40.868489600000004,-73.8688853
36005033700,33700,40.9062277,-73.90252190000001
36005033800,33800,40.868437899999996,-73.8658167
36005034000,34000,40.868440500000005,-73.86292320000001
36005034200,34200,40.868416499999995,-73.8600256
36005034300,34300,40.909667799999994,-73.8981695
36005034400,34400,40.8683644,-73.85713170000001
36005034500,34500,40.90406420000001,-73.8986561
36005034800,34800,40.8694471,-73.8530706
36005035000,35000,40.8685221,-73.8482552
36005035100,35100,40.8951029,-73.90008590000001
36005035600,35600,40.866843700000004,-73.8359921
36005035800,35800,40.873975200000004,-73.84260479999999
36005035900,35900,40.840301600000004,-73.88343859999999
36005036000,36000,40.8668405,-73.8431182
36005036100,36100,40.8422924,-73.8795815
36005036300,36300,40.8445641,-73.8827622
36005036400,36400,40.8736354,-73.849235
36005036501,36501,40.8453745,-73.88581590000001
36005036502,36502,40.8423825,-73.8878235
36005036700,36700,40.8407598,-73.8893061
36005036800,36800,40.8753072,-73.855942
36005036901,36901,40.84441270000001,-73.8918108
36005036902,36902,40.8426434,-73.892949
36005037000,37000,40.8730921,-73.8590214
36005037100,37100,40.8472204,-73.88737809999999
36005037200,37200,40.873802500000004,-73.8632803
36005037300,37300,40.848673299999994,-73.8901415
36005037400,37400,40.87453789999999,-73.86667109999999
36005037504,37504,40.8502936,-73.892678
36005037600,37600,40.874569,-73.8692131
36005037800,37800,40.87979910000001,-73.86662109999999
36005037900,37900,40.8515594,-73.89878829999999
36005038000,38000,40.8780935,-73.8624415
36005038100,38100,40.852058299999996,-73.9011465
36005038200,38200,40.877309000000004,-73.8547432
36005038301,38301,40.8572137,-73.8985196
36005038302,38302,40.85745,-73.89500770000001
36005038500,38500,40.856229600000006,-73.89249000000001
36005038600,38600,40.8796352,-73.84840229999999
36005038700,38700,40.858002299999995,-73.88922290000001
36005038800,38800,40.879598200000004,-73.8553665
36005038900,38900,40.8564319,-73.8849744
36005039000,39000,40.8812352,-73.86076
36005039100,39100,40.8531215,-73.88713179999999
36005039200,39200,40.8832885,-73.8647381
36005039300,39300,40.852518100000005,-73.8831358
36005039400,39400,40.886479200000004,-73.8633993
36005039500,39500,40.8481912,-73.8967151
36005039600,39600,40.88442379999999,-73.8589556
36005039700,39700,40.861926700000005,-73.8854132
36005039800,39800,40.882697,-73.8534698
36005039901,39901,40.8635349,-73.8936413
36005039902,39902,40.8604227,-73.8947478
36005040100,40100,40.8646119,-73.8976515
36005040302,40302,40.867867499999996,-73.892176
36005040303,40303,40.869682,-73.8934561
36005040304,40304,40.867670000000004,-73.8951873
36005040400,40400,40.8861691,-73.8513487
36005040501,40501,40.8671472,-73.8908965
36005040502,40502,40.865878,-73.8889613
36005040600,40600,40.8879511,-73.8570053
36005040701,40701,40.8715794,-73.8902604
36005040702,40702,40.8691424,-73.8869998
36005040800,40800,40.889742600000005,-73.861742
36005040900,40900,40.876776799999995,-73.8931387
36005041100,41100,40.875562,-73.8871522
36005041300,41300,40.8741039,-73.8851968
36005041400,41400,40.9035525,-73.854095
36005041500,41500,40.8701057,-73.8835532
36005041800,41800,40.897116100000005,-73.85846009999999
36005041900,41900,40.876859499999995,-73.88168509999998
36005042000,42000,40.8930261,-73.85985579999999
36005042100,42100,40.881479399999996,-73.8827627
36005042200,42200,40.8910968,-73.85528070000001
36005042300,42300,40.877008000000004,-73.8773556
36005042400,42400,40.8892857,-73.8495425
36005042500,42500,40.87101679999999,-73.8790971
36005042600,42600,40.8908411,-73.8419292
36005042800,42800,40.8945094,-73.845703
36005042901,42901,40.874949900000004,-73.87429250000001
36005042902,42902,40.8771332,-73.8739243
36005043000,43000,40.893459899999996,-73.8506574
36005043100,43100,40.8819148,-73.876638
36005043400,43400,40.898210999999996,-73.8523371
36005043500,43500,40.8945506,-73.88200309999999
36005043600,43600,40.897279499999996,-73.84975899999999
36005044200,44200,40.903867600000005,-73.8462552
36005044400,44400,40.8995005,-73.8437344
36005044800,44800,40.8954712,-73.84131020000001
36005044901,44901,40.8974999,-73.8733943
36005044902,44902,40.8988257,-73.8689887
36005045101,45101,40.89744,-73.8643289
36005045102,45102,40.9003655,-73.864136
36005045600,45600,40.888711,-73.82115019999999
36005045800,45800,40.88586110000001,-73.8452028
36005046000,46000,40.8824438,-73.84264809999999
36005046201,46201,40.8743828,-73.8273332
36005046202,46202,40.8790536,-73.83395759999999
36005048400,48400,40.8863099,-73.8345657
36005050400,50400,40.8679675,-73.79094559999999
36005051600,51600,40.8470414,-73.77893490000001
36047000100,100,40.700283,-73.99403079999999
36047000200,200,40.6532132,-74.0109709
36047000301,301,40.696416299999996,-73.9974952
36047000501,501,40.695814299999995,-73.9947007
36047000502,502,40.695134499999995,-73.99286120000001
36047000700,700,40.6923198,-73.997299
36047000900,900,40.6917355,-73.99162740000001
36047001100,1100,40.693290399999995,-73.98770859999999
36047001300,1300,40.6976319,-73.98838990000002
36047001500,1500,40.694274799999995,-73.9830225
36047001800,1800,40.6558032,-74.02572430000001
36047002000,2000,40.6480502,-74.0159179
36047002100,2100,40.7030738,-73.9868574
36047002200,2200,40.6434736,-74.02171159999999
36047002300,2300,40.6995619,-73.98327579999999
36047002901,2901,40.6949037,-73.97808549999999
36047003000,3000,40.638902,-74.0289543
36047003100,3100,40.6916118,-73.97771740000002
36047003300,3300,40.68851179999999,-73.978109
36047003400,3400,40.6436679,-74.0447241
36047003500,3500,40.6853252,-73.9761803
36047003600,3600,40.6346861,-74.0308979
36047003700,3700,40.689405,-73.9847342
36047003800,3800,40.6359281,-74.0440992
36047003900,3900,40.6849013,-73.980824
36047004100,4100,40.6865997,-73.9850537
36047004300,4300,40.6882118,-73.9896017
36047004400,4400,40.6323235,-74.0442745
36047004500,4500,40.688146,-73.995287
36047004600,4600,40.628029999999995,-74.0448327
36047004700,4700,40.6884833,-74.0021454
36047004900,4900,40.687998799999995,-73.9984363
36047005000,5000,40.62445579999999,-74.04556
36047005100,5100,40.6834631,-74.0034666
36047005201,5201,40.621505400000004,-74.04358149999999
36047005202,5202,40.6185088,-74.04466790000001
36047005300,5300,40.6721618,-74.02475849999999
36047005400,5400,40.61624929999999,-74.03982959999999
36047005601,5601,40.6140726,-74.0403074
36047005602,5602,40.610728,-74.03963459999999
36047005800,5800,40.619088700000006,-74.03218840000001
36047005900,5900,40.6794,-74.0060998
36047006000,6000,40.6220831,-74.0316042
36047006200,6200,40.624911,-74.0304459
36047006300,6300,40.681973799999994,-74.00130290000001
36047006400,6400,40.6289253,-74.0288094
36047006500,6500,40.6790574,-73.999459
36047006600,6600,40.6321309,-74.0274985
36047006700,6700,40.6841759,-73.99722320000001
36047006800,6800,40.6351749,-74.0262304
36047006900,6900,40.685234799999996,-73.9917012
36047007000,7000,40.6381681,-74.0243104
36047007100,7100,40.683309,-73.9871672
36047007200,7200,40.640342600000004,-74.0204484
36047007400,7400,40.641867,-74.0170733
36047007500,7500,40.681295299999995,-73.99201629999999
36047007600,7600,40.6440892,-74.0146726
36047007700,7700,40.6769912,-73.995249
36047007800,7800,40.64632039999999,-74.012337
36047008000,8000,40.6485378,-74.0099676
36047008200,8200,40.6507698,-74.0076247
36047008400,8400,40.65388529999999,-74.00441
36047008500,8500,40.6758571,-74.00647420000001
36047008600,8600,40.647976899999996,-74.0037438
36047008800,8800,40.650210200000004,-74.00140309999999
36047009000,9000,40.647256799999994,-73.9972994
36047009200,9200,40.645316799999996,-73.99933840000001
36047009400,9400,40.6433565,-74.0013789
36047009600,9600,40.6460153,-74.0057847
36047009800,9800,40.6437764,-74.0081153
36047010000,10000,40.641535499999996,-74.0104457
36047010100,10100,40.658383799999996,-73.9997781
36047010200,10200,40.6392844,-74.01278719999999
36047010400,10400,40.636624,-74.0083814
36047010600,10600,40.6388746,-74.00604
36047010800,10800,40.641116,-74.00371059999999
36047011000,11000,40.6445789,-73.9927738
36047011200,11200,40.6422528,-73.99567490000001
36047011400,11400,40.6394233,-73.9992118
36047011600,11600,40.635873100000005,-74.00364880000001
36047011700,11700,40.6685527,-73.9933231
36047011800,11800,40.635104399999996,-74.01148990000002
36047011900,11900,40.6753062,-73.9898368
36047012000,12000,40.6327787,-74.0117219
36047012100,12100,40.671479,-73.991049
36047012200,12200,40.6380784,-74.0176257
36047012600,12600,40.6347464,-74.0190561
36047012700,12700,40.6817476,-73.9828507
36047012801,12801,40.6308009,-74.01330279999999
36047012901,12901,40.6817265,-73.97852759999999
36047012902,12902,40.680769299999994,-73.9760267
36047013000,13000,40.6325873,-74.0213843
36047013100,13100,40.6777175,-73.9796019
36047013200,13200,40.627993700000005,-74.0156512
36047013300,13300,40.6751825,-73.98130920000001
36047013400,13400,40.629524100000005,-74.0202705
36047013500,13500,40.672810999999996,-73.98331329999999
36047013600,13600,40.6268831,-74.0225642
36047013700,13700,40.6703973,-73.9853274
36047013800,13800,40.6243111,-74.02551740000001
36047013900,13900,40.6679862,-73.9873365
36047014000,14000,40.620773799999995,-74.0196672
36047014100,14100,40.6654413,-73.9893778
36047014200,14200,40.6224953,-74.022483
36047014300,14300,40.663624,-73.9926592
36047014500,14500,40.661383799999996,-73.9949908
36047014700,14700,40.6598876,-73.9896397
36047014800,14800,40.616707700000006,-74.012961
36047014900,14900,40.6624407,-73.9851561
36047015000,15000,40.615378299999996,-74.01075859999999
36047015100,15100,40.665689,-73.9825855
36047015200,15200,40.6145083,-74.0244624
36047015300,15300,40.668100200000005,-73.9805759
36047015400,15400,40.611183200000006,-74.018907
36047015500,15500,40.6705136,-73.9785613
36047015700,15700,40.673052399999996,-73.9764165
36047015900,15900,40.675192700000004,-73.97306999999999
36047016000,16000,40.61897929999999,-74.0268696
36047016100,16100,40.679888500000004,-73.9731895
36047016200,16200,40.61322070000001,-74.031328
36047016300,16300,40.6791843,-73.9700051
36047016400,16400,40.6065055,-74.0294406
36047016500,16500,40.6699732,-73.97404329999999
36047016600,16600,40.618703100000005,-74.0162624
36047016700,16700,40.6642969,-73.9787754
36047016800,16800,40.6029949,-74.0167929
36047016900,16900,40.6592927,-73.9812838
36047017000,17000,40.6101331,-74.01263399999999
36047017100,17100,40.6569654,-73.9768592
36047017200,17200,40.6088823,-74.0103463
36047017400,17400,40.6025356,-74.0125422
36047017500,17500,40.6521348,-73.9902393
36047017600,17600,40.601228000000006,-74.0099061
36047017700,17700,40.6615905,-73.9689244
36047017800,17800,40.6069686,-74.0047234
36047017900,17900,40.684245399999995,-73.9713339
36047018000,18000,40.6083001,-74.0071512
36047018100,18100,40.687775,-73.9723679
36047018200,18200,40.6124597,-74.00268129999999
36047018300,18300,40.691376,-73.97147790000001
36047018400,18400,40.6137054,-74.0071447
36047018501,18501,40.6946997,-73.97413879999999
36047018600,18600,40.6156439,-74.0051063
36047018700,18700,40.6945722,-73.970621
36047018800,18800,40.6174779,-74.00274
36047019000,19000,40.621038,-74.00038570000001
36047019100,19100,40.695237,-73.9643647
36047019200,19200,40.6284585,-73.9989281
36047019300,19300,40.6912795,-73.9626407
36047019400,19400,40.6258369,-74.0011077
36047019500,19500,40.691410100000006,-73.9674998
36047019600,19600,40.6234234,-74.00418499999999
36047019700,19700,40.6880023,-73.9667468
36047019800,19800,40.6193594,-74.0066177
36047019900,19900,40.6840329,-73.9669265
36047020000,20000,40.620689,-74.0088197
36047020100,20100,40.6838477,-73.9633875
36047020200,20200,40.62202,-74.0110215
36047020300,20300,40.6799568,-73.9648123
36047020400,20400,40.623350200000004,-74.0132239
36047020500,20500,40.6774755,-73.9657037
36047020600,20600,40.624882799999995,-74.01544009999999
36047020700,20700,40.6749426,-73.96662359999999
36047020800,20800,40.6259761,-74.00976750000001
36047021000,21000,40.6276261,-74.0081561
36047021100,21100,40.6970778,-73.97504709999998
36047021200,21200,40.6294745,-74.00585009999999
36047021300,21300,40.668354799999996,-73.96046740000001
36047021400,21400,40.6316104,-74.0031816
36047021500,21500,40.673364,-73.963332
36047021600,21600,40.632794700000005,-73.9997692
36047021700,21700,40.6727657,-73.9590257
36047021800,21800,40.6343541,-73.9978229
36047021900,21900,40.6719739,-73.9552593
36047022000,22000,40.6361633,-73.9955594
36047022100,22100,40.676133,-73.9543632
36047022200,22200,40.638239399999996,-73.9929635
36047022400,22400,40.6405156,-73.9903118
36047022600,22600,40.641984,-73.9863474
36047022700,22700,40.6815079,-73.9572525
36047022800,22800,40.6391243,-73.9815297
36047022900,22900,40.68513170000001,-73.9567616
36047023000,23000,40.637816,-73.98428100000001
36047023100,23100,40.68578660000001,-73.96083809999999
36047023200,23200,40.6360998,-73.9862206
36047023300,23300,40.68879570000001,-73.9574901
36047023400,23400,40.63387120000001,-73.9879406
36047023500,23500,40.692513,-73.95778490000001
36047023600,23600,40.6321905,-73.9896876
36047023800,23800,40.6305112,-73.9914376
36047024000,24000,40.6288316,-73.99318620000001
36047024100,24100,40.6922221,-73.9538035
36047024200,24200,40.625867799999995,-73.9928098
36047024300,24300,40.6874555,-73.95285600000001
36047024400,24400,40.6217475,-73.98623640000001
36047024500,24500,40.682881,-73.9519012
36047024600,24600,40.6181698,-73.9811393
36047024700,24700,40.6794357,-73.9493245
36047024800,24800,40.621362899999994,-73.98999309999999
36047024900,24900,40.6829833,-73.94839040000001
36047025000,25000,40.623625700000005,-73.9958382
36047025100,25100,40.6878546,-73.9493878
36047025200,25200,40.6198289,-73.99213909999999
36047025300,25300,40.692622,-73.95033659999999
36047025400,25400,40.616697200000004,-73.9838448
36047025500,25500,40.6973922,-73.95128620000001
36047025600,25600,40.614995,-73.9856662
36047025700,25700,40.698218,-73.9473445
36047025800,25800,40.613288399999995,-73.9874098
36047025901,25901,40.6949675,-73.946224
36047025902,25902,40.696965999999996,-73.945154
36047026000,26000,40.6169171,-73.9923457
36047026100,26100,40.6923989,-73.9457142
36047026200,26200,40.618728499999996,-73.9970786
36047026300,26300,40.6894684,-73.94513140000001
36047026400,26400,40.6148679,-73.9974816
36047026500,26500,40.6869045,-73.9446206
36047026600,26600,40.61263029999999,-73.9903254
36047026700,26700,40.6839731,-73.9440382
36047026800,26800,40.6104494,-73.99036190000001
36047026900,26900,40.681282700000004,-73.94331729999999
36047027000,27000,40.605861100000006,-73.989985
36047027100,27100,40.6787263,-73.9368676
36047027200,27200,40.6081765,-73.99273840000001
36047027300,27300,40.6810841,-73.9374383
36047027400,27400,40.6109495,-73.995292
36047027500,27500,40.6838975,-73.93817890000001
36047027600,27600,40.610896399999994,-73.999489
36047027700,27700,40.6868289,-73.9387604
36047027800,27800,40.6068585,-74.0012211
36047027900,27900,40.6897594,-73.9393446
36047028000,28000,40.601003600000006,-74.0070354
36047028100,28100,40.6926888,-73.9399286
36047028200,28200,40.5996715,-74.0052079
36047028300,28300,40.6952563,-73.9404379
36047028400,28400,40.6056742,-73.9989428
36047028501,28501,40.6994266,-73.9420907
36047028502,28502,40.6974508,-73.94088520000001
36047028600,28600,40.598686,-74.00282209999999
36047028700,28700,40.69563370000001,-73.93542070000001
36047028800,28800,40.6045113,-73.99656230000001
36047028900,28900,40.6930489,-73.9330068
36047029000,29000,40.603174100000004,-73.9943478
36047029100,29100,40.6904272,-73.933541
36047029200,29200,40.5967785,-74.00117420000001
36047029300,29300,40.6874968,-73.9329582
36047029400,29400,40.594500700000005,-73.9995597
36047029500,29500,40.684566,-73.93237590000001
36047029600,29600,40.6009574,-73.9930188
36047029700,29700,40.6812727,-73.9316176
36047029800,29800,40.600823299999995,-73.98790749999999
36047029900,29900,40.678138,-73.925833
36047030000,30000,40.5974031,-73.9887444
36047030100,30100,40.6776216,-73.9162281
36047030200,30200,40.59571210000001,-73.990647
36047030300,30300,40.675115999999996,-73.91793740000001
36047030400,30400,40.590731299999995,-73.9979718
36047030500,30500,40.6773162,-73.95906070000001
36047030600,30600,40.59115560000001,-73.9861335
36047030700,30700,40.675574,-73.9262028
36047030800,30800,40.58654179999999,-73.9795129
36047030900,30900,40.6760588,-73.9329861
36047031100,31100,40.6764143,-73.9390103
36047031300,31300,40.6765685,-73.94430729999999
36047031400,31400,40.585457399999996,-73.9944462
36047031500,31500,40.6769054,-73.94992409999999
36047031701,31701,40.6738669,-73.9501241
36047031702,31702,40.671193,-73.950375
36047031900,31900,40.6668852,-73.9493978
36047032100,32100,40.6668692,-73.95218340000001
36047032300,32300,40.6665474,-73.9550745
36047032500,32500,40.66729829999999,-73.95776550000001
36047032600,32600,40.5765299,-73.9882138
36047032700,32700,40.6626465,-73.95879609999999
36047032800,32800,40.5763672,-73.99768470000001
36047032900,32900,40.6632636,-73.9484196
36047033000,33000,40.579713700000006,-73.9984578
36047033100,33100,40.6641582,-73.94200740000001
36047033300,33300,40.6658373,-73.9425263
36047033500,33500,40.6675941,-73.9423885
36047033600,33600,40.5759531,-74.0092132
36047033700,33700,40.6694017,-73.94218149999999
36047033900,33900,40.6712119,-73.94201509999999
36047034000,34000,40.5723223,-73.9964764
36047034100,34100,40.6735662,-73.9445868
36047034200,34200,40.574107700000006,-73.9968627
36047034300,34300,40.673503000000004,-73.9388377
36047034500,34500,40.6732279,-73.93369270000001
36047034700,34700,40.6726583,-73.92797220000001
36047034800,34800,40.5808297,-73.9829363
36047034900,34900,40.6682771,-73.9297783
36047035000,35000,40.5775689,-73.97890890000001
36047035100,35100,40.6684292,-73.9325474
36047035200,35200,40.57142929999999,-73.97961490000002
36047035300,35300,40.6685796,-73.93531390000001
36047035400,35400,40.5801351,-73.9726195
36047035500,35500,40.664405,-73.93347220000001
36047035601,35601,40.5809306,-73.9696827
36047035602,35602,40.577869799999995,-73.97019820000001
36047035700,35700,40.668035100000004,-73.92682540000001
36047035900,35900,40.670438,-73.9238445
36047036001,36001,40.575785700000004,-73.9655587
36047036002,36002,40.576362100000004,-73.96123759999999
36047036100,36100,40.669587799999995,-73.9199218
36047036200,36200,40.578117,-73.9640008
36047036300,36300,40.672175700000004,-73.91699229999999
36047036400,36400,40.5801614,-73.963864
36047036501,36501,40.67503120000001,-73.9115137
36047036502,36502,40.6747083,-73.90757059999999
36047036600,36600,40.582856,-73.96378709999999
36047036700,36700,40.6775488,-73.9046133
36047036900,36900,40.67965,-73.9092283
36047037000,37000,40.5878345,-73.96315440000001
36047037100,37100,40.680287299999996,-73.91383950000001
36047037300,37300,40.683948799999996,-73.91521540000001
36047037401,37401,40.5879979,-73.96775490000002
36047037402,37402,40.586794899999994,-73.97199659999998
36047037500,37500,40.68762,-73.9215167
36047037700,37700,40.6840883,-73.92018759999999
36047037900,37900,40.6804989,-73.9193657
36047038100,38100,40.681047799999995,-73.9254263
36047038200,38200,40.5915231,-73.981484
36047038300,38300,40.6845246,-73.9262056
36047038500,38500,40.6874554,-73.9267891
36047038600,38600,40.5923501,-73.97511170000001
36047038700,38700,40.6905393,-73.9277496
36047038800,38800,40.5929248,-73.96925159999999
36047038900,38900,40.6994385,-73.9372346
36047039000,39000,40.592969399999994,-73.9644266
36047039100,39100,40.699795,-73.933655
36047039200,39200,40.59585,-73.9630396
36047039300,39300,40.6956279,-73.9300046
36047039400,39400,40.598493,-73.9650691
36047039500,39500,40.6929683,-73.9247375
36047039600,39600,40.5973496,-73.9697067
36047039700,39700,40.6889488,-73.9191404
36047039800,39800,40.5954468,-73.97551240000001
36047039900,39900,40.6902356,-73.917553
36047040000,40000,40.597808799999996,-73.9761352
36047040100,40100,40.6864591,-73.9127408
36047040200,40200,40.59600089999999,-73.98272340000001
36047040300,40300,40.6845226,-73.9082094
36047040400,40400,40.602185600000006,-73.9854194
36047040500,40500,40.6815808,-73.90519259999999
36047040600,40600,40.600511600000004,-73.9823218
36047040700,40700,40.6843029,-73.9012184
36047040800,40800,40.601201200000006,-73.9791341
36047040900,40900,40.6910417,-73.9046452
36047041000,41000,40.6009797,-73.97545140000001
36047041100,41100,40.6878791,-73.9071495
36047041200,41200,40.6041574,-73.9741916
36047041300,41300,40.6898146,-73.91062
36047041401,41401,40.6017065,-73.97106540000001
36047041402,41402,40.6024158,-73.96793740000001
36047041500,41500,40.6919502,-73.91438959999999
36047041600,41600,40.6024112,-73.96348640000001
36047041700,41700,40.6937625,-73.9179179
36047041800,41800,40.6054,-73.9648517
36047041900,41900,40.6953233,-73.92103309999999
36047042000,42000,40.6092377,-73.9643322
36047042100,42100,40.6970293,-73.92403840000001
36047042200,42200,40.6068679,-73.969988
36047042300,42300,40.6990021,-73.9272887
36047042400,42400,40.60674829999999,-73.97604840000001
36047042500,42500,40.7014485,-73.9309587
36047042600,42600,40.605675,-73.98018909999999
36047042700,42700,40.7036936,-73.9271843
36047042800,42800,40.6056458,-73.98432659999999
36047042900,42900,40.7017991,-73.9234556
36047043000,43000,40.609249299999995,-73.984202
36047043100,43100,40.6996605,-73.919698
36047043200,43200,40.6106815,-73.98068470000001
36047043300,43300,40.697522,-73.915939
36047043400,43400,40.6100424,-73.9769277
36047043500,43500,40.695384000000004,-73.91218020000001
36047043600,43600,40.61313,-73.9778573
36047043700,43700,40.6932405,-73.9084407
36047043800,43800,40.610330100000006,-73.97109449999999
36047043900,43900,40.697512200000006,-73.909371
36047044000,44000,40.6130385,-73.97097690000001
36047044100,44100,40.7014036,-73.9140585
36047044200,44200,40.6123965,-73.9655936
36047044300,44300,40.7032963,-73.9167103
36047044400,44400,40.6157674,-73.96932199999999
36047044500,44500,40.704992700000005,-73.9197067
36047044600,44600,40.6152294,-73.97605759999999
36047044700,44700,40.7066641,-73.9226498
36047044800,44800,40.6180934,-73.9732468
36047044900,44900,40.7178405,-73.93097709999999
36047045000,45000,40.621629600000006,-73.9728811
36047045200,45200,40.620174299999995,-73.96816209999999
36047045300,45300,40.706588200000006,-73.9289498
36047045400,45400,40.6186826,-73.9650024
36047045600,45600,40.626163,-73.96662049999999
36047045800,45800,40.6257018,-73.9690061
36047046000,46000,40.6318407,-73.96551529999999
36047046201,46201,40.6276229,-73.97351640000001
36047046202,46202,40.6245015,-73.9742801
36047046400,46400,40.6245752,-73.9783945
36047046800,46800,40.621493799999996,-73.98075959999998
36047047000,47000,40.625589,-73.9867507
36047047200,47200,40.627036100000005,-73.9841274
36047047400,47400,40.6286836,-73.9823658
36047047600,47600,40.6305694,-73.9805808
36047047700,47700,40.7182382,-73.9421434
36047047800,47800,40.6333984,-73.97887440000001
36047048000,48000,40.6302924,-73.9744758
36047048100,48100,40.7138604,-73.9384989
36047048200,48200,40.6332232,-73.9695207
36047048400,48400,40.634286100000004,-73.9736271
36047048500,48500,40.707840000000004,-73.93634920000001
36047048600,48600,40.6389191,-73.9784252
36047048800,48800,40.640476899999996,-73.97620859999999
36047048900,48900,40.7029213,-73.9392589
36047049000,49000,40.638116499999995,-73.97302140000001
36047049100,49100,40.7035729,-73.94409990000001
36047049200,49200,40.640907,-73.9702046
36047049300,49300,40.7078076,-73.94135379999999
36047049400,49400,40.6429642,-73.9738207
36047049500,49500,40.712362799999994,-73.94335720000001
36047049600,49600,40.643687,-73.98043829999999
36047049700,49700,40.7162254,-73.94460040000001
36047049800,49800,40.6454295,-73.9826813
36047049900,49900,40.720916700000004,-73.9468849
36047050000,50000,40.6482579,-73.9774537
36047050100,50100,40.7157329,-73.9489472
36047050202,50202,40.6534936,-73.97532530000001
36047050300,50300,40.712201799999995,-73.9474623
36047050400,50400,40.6487119,-73.97354969999999
36047050500,50500,40.708052,-73.94494509999998
36047050600,50600,40.6489784,-73.96685809999998
36047050700,50700,40.701408,-73.9470118
36047050801,50801,40.6512352,-73.96073630000001
36047050803,50803,40.653908799999996,-73.9606234
36047050804,50804,40.652834999999996,-73.963573
36047050900,50900,40.7032772,-73.9505645
36047051001,51001,40.646121799999996,-73.9597677
36047051002,51002,40.648751399999995,-73.96036720000001
36047051100,51100,40.7075596,-73.9485791
36047051200,51200,40.646552500000006,-73.96336109999999
36047051300,51300,40.711788299999995,-73.9521808
36047051400,51400,40.642791700000004,-73.96142840000002
36047051500,51500,40.7191334,-73.95052740000001
36047051601,51601,40.6386247,-73.9567096
36047051602,51602,40.6416145,-73.9581438
36047051700,51700,40.7206502,-73.9545002
36047051800,51800,40.6379909,-73.96079509999998
36047051900,51900,40.715720000000005,-73.9551691
36047052000,52000,40.6374454,-73.9641875
36047052300,52300,40.7116894,-73.9588115
36047052500,52500,40.708897,-73.9599897
36047052600,52600,40.6364701,-73.9666777
36047052700,52700,40.708405299999995,-73.9537053
36047052800,52800,40.6308472,-73.9626086
36047052900,52900,40.7058714,-73.95450600000001
36047053000,53000,40.62736339999999,-73.9637344
36047053100,53100,40.7007299,-73.95417490000001
36047053200,53200,40.6262195,-73.9602546
36047053300,53300,40.7037756,-73.95736490000002
36047053400,53400,40.6225826,-73.9628302
36047053500,53500,40.706142799999995,-73.9612325
36047053700,53700,40.7002982,-73.95995450000001
36047053800,53800,40.6181982,-73.956835
36047053900,53900,40.7026477,-73.9625587
36047054200,54200,40.6128027,-73.96097900000001
36047054300,54300,40.7017572,-73.9718459
36047054400,54400,40.6132196,-73.95719040000002
36047054500,54500,40.7052376,-73.96528599999999
36047054600,54600,40.6131411,-73.95312390000001
36047054700,54700,40.708518100000006,-73.96656209999999
36047054800,54800,40.6092526,-73.9483771
36047054900,54900,40.7111716,-73.9657308
36047055000,55000,40.6087339,-73.95231740000001
36047055100,55100,40.7139593,-73.9644095
36047055200,55200,40.608309600000005,-73.9562588
36047055300,55300,40.7164576,-73.9592358
36047055400,55400,40.6078701,-73.96007159999999
36047055500,55500,40.7180847,-73.96326090000001
36047055600,55600,40.6031609,-73.9594057
36047055700,55700,40.7219984,-73.95933659999999
36047055800,55800,40.6036536,-73.95537790000002
36047056000,56000,40.6040855,-73.9514358
36047056100,56100,40.726411799999994,-73.9566022
36047056200,56200,40.60451810000001,-73.94750340000002
36047056300,56300,40.734942,-73.958688
36047056400,56400,40.6069158,-73.94337349999999
36047056500,56500,40.7301815,-73.9579645
36047056600,56600,40.602852500000004,-73.9414035
36047056800,56800,40.6026717,-73.9378185
36047056900,56900,40.7237658,-73.952362
36047057000,57000,40.599266799999995,-73.93688259999999
36047057100,57100,40.7247836,-73.9476187
36047057200,57200,40.59636879999999,-73.93821590000002
36047057300,57300,40.7280486,-73.9488298
36047057400,57400,40.601149799999995,-73.9443385
36047057500,57500,40.73211320000001,-73.95319029999999
36047057600,57600,40.5998731,-73.947571
36047057800,57800,40.5994398,-73.9515127
36047057900,57900,40.7343727,-73.9485423
36047058000,58000,40.5990068,-73.95545390000001
36047058200,58200,40.5985399,-73.95926180000001
36047058400,58400,40.594074799999994,-73.9586719
36047058600,58600,40.5945637,-73.9546137
36047058800,58800,40.589621799999996,-73.958548
36047058900,58900,40.729075,-73.94074609999998
36047059000,59000,40.589988500000004,-73.95468620000001
36047059100,59100,40.723553,-73.9429265
36047059200,59200,40.5923379,-73.95145079999999
36047059300,59300,40.725994299999996,-73.9383344
36047059401,59401,40.5930119,-73.9476257
36047059402,59402,40.5946146,-73.9430181
36047059600,59600,40.5910968,-73.9400566
36047059800,59800,40.5878962,-73.9362265
36047060000,60000,40.5870743,-73.9456922
36047060600,60600,40.5864511,-73.9561684
36047060800,60800,40.583932700000005,-73.9492144
36047061002,61002,40.5737245,-73.95601429999999
36047061003,61003,40.5814205,-73.9587054
36047061004,61004,40.5798725,-73.9557672
36047061200,61200,40.5810891,-73.9493473
36047061600,61600,40.5756259,-73.9404261
36047062000,62000,40.5791755,-73.94592840000001
36047062200,62200,40.5840945,-73.93571309999999
36047062600,62600,40.5923335,-73.93443909999999
36047062800,62800,40.5898654,-73.92689190000002
36047063200,63200,40.5997604,-73.9315683
36047063600,63600,40.6099355,-73.9361433
36047063800,63800,40.606668299999995,-73.93881040000001
36047064000,64000,40.6109971,-73.9402463
36047064200,64200,40.6121974,-73.9463939
36047064400,64400,40.6137965,-73.9424791
36047064600,64600,40.615914700000005,-73.93953509999999
36047064800,64800,40.6176898,-73.93646020000001
36047065000,65000,40.619978499999995,-73.93364659999999
36047065200,65200,40.614762,-73.93007259999999
36047065400,65400,40.612948700000004,-73.9318078
36047065600,65600,40.6130109,-73.93498220000001
36047065800,65800,40.6080828,-73.9312005
36047066000,66000,40.6090466,-73.92808000000001
36047066200,66200,40.6093052,-73.92437199999999
36047066600,66600,40.5855239,-73.9138588
36047067000,67000,40.61272460000001,-73.9227642
36047067200,67200,40.618747,-73.9278042
36047067400,67400,40.6198305,-73.9302723
36047067600,67600,40.624995,-73.92720109999999
36047067800,67800,40.6261489,-73.922779
36047068000,68000,40.621376399999995,-73.92518790000001
36047068200,68200,40.6166469,-73.9241304
36047068600,68600,40.614822600000004,-73.9172817
36047068800,68800,40.6172158,-73.9191004
36047069000,69000,40.6199654,-73.9206701
36047069200,69200,40.6236755,-73.92008879999999
36047069601,69601,40.6272282,-73.91478570000001
36047069602,69602,40.62272960000001,-73.90865059999999
36047069800,69800,40.6124441,-73.9158912
36047070000,70000,40.620045899999994,-73.9067408
36047070201,70201,40.608767,-73.908609
36047070202,70202,40.59242879999999,-73.88988
36047070203,70203,40.6133649,-73.85994509999999
36047070600,70600,40.613466100000004,-73.8961276
36047072000,72000,40.6288502,-73.9200468
36047072200,72200,40.631999900000004,-73.9243887
36047072400,72400,40.6341061,-73.9270557
36047072600,72600,40.632413899999996,-73.9338762
36047072800,72800,40.6294856,-73.9270042
36047073000,73000,40.6262017,-73.9298437
36047073200,73200,40.627928000000004,-73.9336058
36047073400,73400,40.6278153,-73.9374778
36047073600,73600,40.624038899999995,-73.9357949
36047073800,73800,40.622409600000005,-73.9390772
36047074000,74000,40.627394200000005,-73.94125670000001
36047074200,74200,40.626994399999994,-73.9449753
36047074400,74400,40.622317200000005,-73.9431063
36047074600,74600,40.6186018,-73.942642
36047074800,74800,40.6218931,-73.9468957
36047075000,75000,40.6265678,-73.948766
36047075200,75200,40.6261531,-73.9525462
36047075400,75400,40.6214738,-73.9507115
36047075600,75600,40.6168562,-73.94798940000001
36047075800,75800,40.6164751,-73.9519619
36047076000,76000,40.621356899999995,-73.9547885
36047076200,76200,40.6257185,-73.9564859
36047076400,76400,40.6319262,-73.9586448
36047076600,76600,40.63318710000001,-73.95684200000001
36047076800,76800,40.6188042,-73.9608017
36047077000,77000,40.6361362,-73.9538295
36047077200,77200,40.631609399999995,-73.953177
36047077400,77400,40.63119879999999,-73.9480815
36047077600,77600,40.630925500000004,-73.9411361
36047078000,78000,40.6344979,-73.9391486
36047078200,78200,40.6378537,-73.9414429
36047078400,78400,40.634262400000004,-73.9429558
36047078600,78600,40.634414,-73.9470626
36047078800,78800,40.637465500000005,-73.94883670000002
36047079000,79000,40.6409778,-73.95369670000001
36047079200,79200,40.644764200000004,-73.95491070000001
36047079400,79400,40.64860529999999,-73.955286
36047079601,79601,40.6565964,-73.9582723
36047079602,79602,40.6527602,-73.9576551
36047079801,79801,40.6600109,-73.9587186
36047079802,79802,40.6579907,-73.9613712
36047080000,80000,40.660686,-73.9537667
36047080200,80200,40.6576399,-73.9534407
36047080400,80400,40.6589744,-73.9489902
36047080600,80600,40.6616591,-73.9438615
36047080800,80800,40.6573033,-73.9394864
36047081000,81000,40.6591131,-73.9445488
36047081400,81400,40.653640700000004,-73.940238
36047081600,81600,40.653529600000006,-73.9442053
36047081800,81800,40.6530923,-73.9479752
36047082000,82000,40.653453000000006,-73.95130970000001
36047082200,82200,40.6532888,-73.9544282
36047082400,82400,40.6488473,-73.94935799999999
36047082600,82600,40.645064700000006,-73.94897320000001
36047082800,82800,40.6409911,-73.94960470000001
36047083000,83000,40.640887,-73.9455028
36047083200,83200,40.641524,-73.9416243
36047083400,83400,40.6415499,-73.93847509999999
36047083600,83600,40.6371028,-73.93512729999999
36047083800,83800,40.6417561,-73.935135
36047084000,84000,40.6419943,-73.931292
36047084600,84600,40.642285,-73.92745490000001
36047084800,84800,40.646427,-73.92786109999999
36047085000,85000,40.6457434,-73.932316
36047085200,85200,40.6470029,-73.9382411
36047085400,85400,40.644672799999995,-73.9425499
36047085600,85600,40.6486244,-73.9448276
36047085800,85800,40.6502075,-73.9390272
36047086000,86000,40.649995600000004,-73.9329233
36047086200,86200,40.6502164,-73.9282257
36047086400,86400,40.6543372,-73.9238222
36047086600,86600,40.656375,-73.92676159999999
36047086800,86800,40.6543124,-73.9297309
36047087000,87000,40.65418029999999,-73.93340390000002
36047087200,87200,40.6536754,-73.9366498
36047087401,87401,40.6604744,-73.93845879999999
36047087600,87600,40.66064779999999,-73.9357059
36047087800,87800,40.6588465,-73.9310338
36047088000,88000,40.661519299999995,-73.93102259999999
36047088200,88200,40.6604945,-73.9259818
36047088400,88400,40.6622281,-73.92455059999999
36047088600,88600,40.657488,-73.9206765
36047088800,88800,40.6539393,-73.9180628
36047089000,89000,40.6569877,-73.9154892
36047089200,89200,40.663280900000004,-73.9219219
36047089400,89400,40.6615039,-73.91648520000001
36047089600,89600,40.658007399999995,-73.9124095
36047089800,89800,40.662786100000005,-73.9137077
36047090000,90000,40.666251700000004,-73.9198136
36047090200,90200,40.6675531,-73.91500740000001
36047090600,90600,40.6701302,-73.90885949999999
36047090800,90800,40.671322499999995,-73.9047719
36047091000,91000,40.6657515,-73.90340649999999
36047091200,91200,40.665129,-73.9076346
36047091600,91600,40.6591038,-73.9091012
36047091800,91800,40.6616527,-73.9045855
36047092000,92000,40.6585694,-73.9030203
36047092200,92200,40.655235299999994,-73.9063728
36047092400,92400,40.6669331,-73.9114794
36047092800,92800,40.65248,-73.9117734
36047093000,93000,40.649929,-73.9154075
36047093200,93200,40.6375696,-73.9295165
36047093400,93400,40.6489251,-73.91901490000001
36047093600,93600,40.64879620000001,-73.9215837
36047093800,93800,40.6504469,-73.92455809999998
36047094401,94401,40.6387394,-73.92297459999999
36047094402,94402,40.6350817,-73.9207804
36047094600,94600,40.6446169,-73.92327970000001
36047095000,95000,40.6362487,-73.91714509999998
36047095400,95400,40.6389669,-73.9146325
36047095600,95600,40.63557410000001,-73.9109186
36047095800,95800,40.6408221,-73.91168590000001
36047096000,96000,40.6459276,-73.9147647
36047096200,96200,40.6450236,-73.9105137
36047096400,96400,40.641950099999995,-73.9072687
36047096600,96600,40.6406399,-73.903142
36047096800,96800,40.64414179999999,-73.90387690000001
36047097000,97000,40.647259999999996,-73.907353
36047097400,97400,40.646984100000005,-73.8997658
36047098200,98200,40.650998799999996,-73.8943666
36047098400,98400,40.6465779,-73.8917896
36047098600,98600,40.6449365,-73.8943196
36047098800,98800,40.643001899999994,-73.89731529999999
36047099000,99000,40.639370299999996,-73.898562
36047099200,99200,40.6374035,-73.9012845
36047099400,99400,40.6357597,-73.90439930000001
36047099600,99600,40.633443799999995,-73.90778780000001
36047099800,99800,40.629577399999995,-73.90840759999999
36047100400,100400,40.630649299999995,-73.9038
36047100600,100600,40.6322533,-73.9008897
36047100800,100800,40.6341331,-73.8980664
36047101000,101000,40.6360282,-73.894972
36047101200,101200,40.6397265,-73.89366770000001
36047101400,101400,40.6416626,-73.89067340000001
36047101600,101600,40.643303,-73.88814090000001
36047101800,101800,40.6428793,-73.88602270000001
36047102000,102000,40.638378499999995,-73.88701809999999
36047102200,102200,40.636441299999994,-73.8900106
36047102400,102400,40.6329284,-73.8932756
36047102600,102600,40.6296068,-73.8984805
36047102800,102800,40.6268273,-73.8920151
36047103400,103400,40.633586,-73.8818555
36047105801,105801,40.649262,-73.8806341
36047105804,105804,40.645822499999994,-73.8834973
36047107000,107000,40.6474694,-73.86858840000001
36047107800,107800,40.6588417,-73.875959
36047109800,109800,40.6526645,-73.9016511
36047110400,110400,40.65741320000001,-73.8887708
36047110600,110600,40.6573142,-73.8842981
36047111000,111000,40.6605446,-73.8813458
36047111600,111600,40.6638632,-73.8756882
36047111800,111800,40.6687567,-73.876018
36047112000,112000,40.666627500000004,-73.88051970000001
36047112200,112200,40.6637279,-73.8859223
36047112400,112400,40.666003700000005,-73.88715359999999
36047112600,112600,40.6648986,-73.8931118
36047112800,112800,40.6617411,-73.8921088
36047113000,113000,40.6621691,-73.8964704
36047113200,113200,40.6612558,-73.8988897
36047113400,113400,40.66777929999999,-73.8996082
36047114201,114201,40.6804227,-73.8973066
36047114202,114202,40.682396999999995,-73.8912342
36047114400,114400,40.6728086,-73.8985501
36047114600,114600,40.6792066,-73.8923418
36047115000,115000,40.6739223,-73.8865225
36047115200,115200,40.673269299999994,-73.89093009999999
36047115600,115600,40.66832670000001,-73.8958947
36047115800,115800,40.6688809,-73.8921624
36047116000,116000,40.669419500000004,-73.8885305
36047116200,116200,40.669938200000004,-73.88503490000001
36047116400,116400,40.6705099,-73.8811822
36047116600,116600,40.6745627,-73.8822052
36047116800,116800,40.6789908,-73.88251600000001
36047117000,117000,40.6776,-73.88618100000001
36047117201,117201,40.6808117,-73.88751490000001
36047117202,117202,40.6827365,-73.883765
36047117400,117400,40.6828584,-73.87978620000001
36047117601,117601,40.684779799999994,-73.8768792
36047117602,117602,40.686234999999996,-73.8744475
36047117800,117800,40.6816528,-73.8742887
36047118000,118000,40.689404499999995,-73.8779572
36047118201,118201,40.6879085,-73.8718976
36047118202,118202,40.6886646,-73.86900209999999
36047118400,118400,40.684304100000006,-73.86941
36047118600,118600,40.6814659,-73.8677811
36047118800,118800,40.6790412,-73.86591390000001
36047119000,119000,40.6790579,-73.8716142
36047119200,119200,40.6771157,-73.87815520000001
36047119400,119400,40.6725527,-73.8770602
36047119600,119600,40.675898,-73.8731663
36047119800,119800,40.6763148,-73.89438559999999
36047120000,120000,40.6748774,-73.8672723
36047120200,120200,40.6763414,-73.86436390000001
36047120800,120800,40.6713064,-73.8651605
36047121000,121000,40.670055100000006,-73.8722312
36047121400,121400,40.6674646,-73.8651719
36047122000,122000,40.6637054,-73.8627976
36047123700,123700,40.696738399999994,-73.95674040000002
36047150200,150200,40.654667100000005,-73.981321
36047152200,152200,40.6439742,-73.96718359999998
36047990100,990100,40.5740013,-74.007958
36061000100,100,40.692391,-74.04381070000001
36061000201,201,40.709499799999996,-73.98558840000001
36061000202,202,40.7098786,-73.9798452
36061000500,500,40.690986200000005,-74.0183491
36061000600,600,40.7099451,-73.98912359999999
36061000700,700,40.703418799999994,-74.00540649999999
36061000800,800,40.709608100000004,-73.99373359999998
36061000900,900,40.7001265,-74.0076661
36061001001,1001,40.712098100000006,-73.9734895
36061001002,1002,40.7163027,-73.97389559999999
36061001200,1200,40.7159066,-73.98209399999999
36061001300,1300,40.7091177,-74.0129723
36061001401,1401,40.715160299999994,-73.9873314
36061001402,1402,40.7175157,-73.9858855
36061001501,1501,40.707564700000006,-74.0015582
36061001502,1502,40.7051601,-74.0030042
36061001600,1600,40.715948,-73.99328220000001
36061001800,1800,40.7190473,-73.99084559999999
36061002000,2000,40.7193289,-73.9728147
36061002100,2100,40.7143437,-74.01011020000001
36061002201,2201,40.7191156,-73.98184429999999
36061002202,2202,40.7212601,-73.98114220000001
36061002400,2400,40.722673,-73.96979420000001
36061002500,2500,40.7086295,-73.99754759999999
36061002601,2601,40.722584999999995,-73.9799302
36061002602,2602,40.7243901,-73.97861590000001
36061002700,2700,40.712559999999996,-73.99900629999999
36061002800,2800,40.7268637,-73.9768107
36061002900,2900,40.7141198,-74.000591
36061003001,3001,40.721005700000006,-73.98683869999999
36061003002,3002,40.7229641,-73.9858662
36061003100,3100,40.715276200000005,-74.00386
36061003200,3200,40.7255579,-73.9837166
36061003300,3300,40.7188641,-74.0061467
36061003400,3400,40.7290092,-73.9814618
36061003601,3601,40.7223222,-73.9911397
36061003602,3602,40.724563,-73.9902061
36061003700,3700,40.7264979,-74.0116102
36061003800,3800,40.7273669,-73.9884656
36061003900,3900,40.721701200000005,-74.0145955
36061004000,4000,40.7307448,-73.9860235
36061004100,4100,40.719161,-73.99669540000001
36061004200,4200,40.731801399999995,-73.9893668
36061004300,4300,40.7233237,-73.99546629999999
36061004400,4400,40.7289625,-73.9713695
36061004500,4500,40.7205701,-73.9993912
36061004700,4700,40.7224189,-74.0028653
36061004800,4800,40.7338561,-73.9837297
36061004900,4900,40.7250607,-74.0004802
36061005000,5000,40.7361106,-73.9872189
36061005200,5200,40.7374424,-73.99045759999998
36061005400,5400,40.7388112,-73.993678
36061005501,5501,40.7276734,-73.99708299999999
36061005502,5502,40.726222899999996,-73.99387209999999
36061005600,5600,40.7417904,-73.98728919999999
36061005700,5700,40.729416,-73.9923912
36061005800,5800,40.743145399999996,-73.9905106
36061005900,5900,40.7312895,-73.99456140000001
36061006000,6000,40.732224,-73.97024880000001
36061006100,6100,40.7337082,-73.99232409999999
36061006200,6200,40.7373131,-73.9693378
36061006300,6300,40.734421399999995,-73.9968603
36061006400,6400,40.736953799999995,-73.9814755
36061006500,6500,40.7299685,-73.9995774
36061006600,6600,40.7400705,-73.9792317
36061006700,6700,40.7304513,-74.0041205
36061006800,6800,40.7404366,-73.9840803
36061006900,6900,40.730614700000004,-74.0135301
36061007000,7000,40.743185,-73.97696140000001
36061007100,7100,40.7354477,-73.99991390000001
36061007200,7200,40.744865600000004,-73.9808584
36061007300,7300,40.7341146,-74.00410649999999
36061007400,7400,40.7462136,-73.9840829
36061007500,7500,40.734379600000004,-74.01282259999999
36061007600,7600,40.7475672,-73.987298
36061007700,7700,40.738085399999996,-74.003295
36061007800,7800,40.746323700000005,-73.9746729
36061007900,7900,40.7395239,-74.0122366
36061008000,8000,40.7492588,-73.977652
36061008100,8100,40.73980529999999,-73.9987713
36061008200,8200,40.750613200000004,-73.9808741
36061008300,8300,40.7421983,-74.0044535
36061008400,8400,40.7519695,-73.9840942
36061008601,8601,40.7441313,-73.96671579999999
36061008602,8602,40.7483547,-73.9636163
36061008603,8603,40.7531107,-73.9628744
36061008700,8700,40.7422439,-73.99699620000001
36061008800,8800,40.7494963,-73.9723665
36061008900,8900,40.744638,-74.0026786
36061009000,9000,40.7526521,-73.97004
36061009100,9100,40.7447178,-73.9951959
36061009200,9200,40.7536476,-73.97474220000001
36061009300,9300,40.7471119,-74.0008752
36061009400,9400,40.7552279,-73.97774629999999
36061009500,9500,40.7472363,-73.9933578
36061009600,9600,40.756374799999996,-73.98088609999999
36061009700,9700,40.749660399999996,-73.999042
36061009800,9800,40.755788,-73.9677745
36061009900,9900,40.7523599,-74.0082068
36061010000,10000,40.7580653,-73.9712318
36061010100,10100,40.7497314,-73.9915412
36061010200,10200,40.75942379999999,-73.9744493
36061010300,10300,40.752140399999995,-73.99719040000001
36061010400,10400,40.7607791,-73.9776729
36061010601,10601,40.756775299999994,-73.959967
36061010602,10602,40.759881299999996,-73.95810870000001
36061010800,10800,40.758967999999996,-73.9654532
36061010900,10900,40.7522505,-73.98970279999999
36061011000,11000,40.7621471,-73.9631398
36061011100,11100,40.7546437,-73.99538759999999
36061011201,11201,40.7639781,-73.97534549999999
36061011202,11202,40.762603999999996,-73.9721311
36061011203,11203,40.761244399999995,-73.9689142
36061011300,11300,40.754775200000005,-73.9878702
36061011401,11401,40.7648402,-73.97049390000001
36061011402,11402,40.7634831,-73.96727890000001
36061011500,11500,40.7571661,-73.99355279999999
36061011600,11600,40.7628183,-73.9550305
36061011700,11700,40.7610295,-74.0025522
36061011800,11800,40.76527479999999,-73.96085529999999
36061011900,11900,40.7573151,-73.9860247
36061012000,12000,40.766926399999996,-73.96476729999999
36061012100,12100,40.7597092,-73.99170040000001
36061012200,12200,40.768281200000004,-73.9679849
36061012400,12400,40.7663228,-73.95280600000001
36061012500,12500,40.7598407,-73.9841752
36061012600,12600,40.7684666,-73.9585262
36061012700,12700,40.762237,-73.989856
36061012800,12800,40.771380900000004,-73.9615172
36061012900,12900,40.7649099,-74.0000306
36061013000,13000,40.7727364,-73.96473320000001
36061013100,13100,40.7623458,-73.98235340000001
36061013200,13200,40.769245700000006,-73.9502655
36061013300,13300,40.7647381,-73.98803520000001
36061013400,13400,40.77170170000001,-73.9561658
36061013500,13500,40.7702425,-73.99626059999999
36061013600,13600,40.7723451,-73.9472308
36061013700,13700,40.765207000000004,-73.9802337
36061013800,13800,40.7749216,-73.953815
36061013900,13900,40.767292299999994,-73.98617109999999
36061014000,14000,40.7759141,-73.95821
36061014200,14200,40.7772742,-73.96142569999999
36061014300,14300,40.7824764,-73.9655557
36061014401,14401,40.775248600000005,-73.947552
36061014402,14402,40.7762339,-73.9453767
36061014500,14500,40.7698085,-73.98425490000001
36061014601,14601,40.7771918,-73.952161
36061014602,14602,40.7788148,-73.950975
36061014700,14700,40.771328499999996,-73.9888036
36061014801,14801,40.7788416,-73.9560743
36061014802,14802,40.7810927,-73.9544321
36061014900,14900,40.772354299999996,-73.9824834
36061015001,15001,40.7801987,-73.9592834
36061015002,15002,40.7824499,-73.9576478
36061015100,15100,40.775243700000004,-73.9925287
36061015200,15200,40.7782137,-73.9410903
36061015300,15300,40.7748578,-73.9806658
36061015400,15400,40.7813494,-73.9491245
36061015500,15500,40.7786963,-73.99034549999999
36061015601,15601,40.783568599999995,-73.9475024
36061015602,15602,40.7851821,-73.9463253
36061015700,15700,40.7774175,-73.9787896
36061015801,15801,40.7842784,-73.9521037
36061015802,15802,40.786524299999996,-73.95046500000001
36061015900,15900,40.7805321,-73.9873856
36061016001,16001,40.7856349,-73.9553223
36061016002,16002,40.7878787,-73.9536853
36061016100,16100,40.779949200000004,-73.9771934
36061016200,16200,40.784175700000006,-73.9357921
36061016300,16300,40.7839685,-73.9871818
36061016400,16400,40.7877141,-73.9444745
36061016500,16500,40.782357700000006,-73.97499870000001
36061016600,16600,40.7893746,-73.94835929999999
36061016700,16700,40.786457,-73.9836897
36061016800,16800,40.791051,-73.95134499999999
36061016900,16900,40.7851959,-73.9731195
36061017000,17000,40.7909025,-73.9421468
36061017100,17100,40.789063,-73.9824729
36061017200,17200,40.793827,-73.9451333
36061017300,17300,40.7877705,-73.9712361
36061017401,17401,40.7948875,-73.948576
36061017402,17402,40.7968026,-73.94716240000001
36061017500,17500,40.7916604,-73.98062940000001
36061017700,17700,40.7903083,-73.9693891
36061017800,17800,40.7938187,-73.931991
36061017900,17900,40.7942309,-73.9788072
36061018000,18000,40.7944017,-73.939595
36061018100,18100,40.7925562,-73.96774599999999
36061018200,18200,40.7983211,-73.9418511
36061018300,18300,40.7967545,-73.9768611
36061018400,18400,40.7996841,-73.94506870000001
36061018500,18500,40.7945001,-73.9663636
36061018600,18600,40.7991059,-73.9497088
36061018700,18700,40.799328700000004,-73.9750421
36061018800,18800,40.7975948,-73.9372599
36061018900,18900,40.7973281,-73.96425079999999
36061019000,19000,40.801961600000006,-73.94761940000001
36061019100,19100,40.801805,-73.97307629999999
36061019200,19200,40.7994073,-73.9293819
36061019300,19300,40.8005051,-73.9619564
36061019400,19400,40.800465100000004,-73.935186
36061019500,19500,40.8042588,-73.971197
36061019600,19600,40.8028054,-73.9385762
36061019701,19701,40.805311100000004,-73.9593993
36061019702,19702,40.802189,-73.9579879
36061019800,19800,40.804302500000006,-73.9423627
36061019900,19900,40.806901700000004,-73.9695678
36061020000,20000,40.8057859,-73.9452336
36061020101,20101,40.8064355,-73.9602048
36061020102,20102,40.8050511,-73.9566329
36061020300,20300,40.8086693,-73.9615616
36061020500,20500,40.811474,-73.96801009999999
36061020600,20600,40.8082917,-73.9387853
36061020701,20701,40.808977500000005,-73.95846
36061020800,20800,40.8096485,-73.942008
36061020901,20901,40.811557799999996,-73.95500320000001
36061021000,21000,40.8139472,-73.93464859999999
36061021100,21100,40.8157335,-73.9635101
36061021200,21200,40.8137611,-73.9390015
36061021303,21303,40.814558700000006,-73.9531391
36061021400,21400,40.8177989,-73.93618409999999
36061021500,21500,40.8135272,-73.9494713
36061021600,21600,40.8006768,-73.954388
36061021703,21703,40.8179349,-73.94975629999999
36061021800,21800,40.8032221,-73.95252409999999
36061021900,21900,40.8187475,-73.9599684
36061022000,22000,40.8057836,-73.95065699999999
36061022102,22102,40.8186544,-73.94618620000001
36061022200,22200,40.8083402,-73.94878759999999
36061022301,22301,40.8223358,-73.95764129999999
36061022302,22302,40.8215847,-73.96043449999999
36061022400,22400,40.8111222,-73.9469598
36061022500,22500,40.8247886,-73.9563665
36061022600,22600,40.8134305,-73.9448116
36061022700,22700,40.8229663,-73.94646209999999
36061022800,22800,40.815929700000005,-73.9432453
36061022900,22900,40.8270156,-73.9544756
36061023000,23000,40.8184725,-73.9413896
36061023100,23100,40.825830200000006,-73.94409350000001
36061023200,23200,40.8210133,-73.9395318
36061023300,23300,40.8299899,-73.9538285
36061023400,23400,40.823733700000005,-73.9386672
36061023501,23501,40.8289967,-73.94183520000001
36061023502,23502,40.8278881,-73.9389277
36061023600,23600,40.8245062,-73.9350984
36061023700,23700,40.8328959,-73.95144040000001
36061023801,23801,40.7560846,-73.9536609
36061023802,23802,40.7683003,-73.9426277
36061023900,23900,40.8323409,-73.9410559
36061024000,24000,40.7903426,-73.9229637
36061024100,24100,40.835671999999995,-73.9503157
36061024200,24200,40.805954,-73.9334561
36061024301,24301,40.8360035,-73.93876879999999
36061024302,24302,40.831727799999996,-73.93578620000001
36061024500,24500,40.8366323,-73.9420916
36061024700,24700,40.839718700000006,-73.9501699
36061024900,24900,40.8391263,-73.9364494
36061025100,25100,40.8403421,-73.9399256
36061025300,25300,40.842896,-73.9383779
36061025500,25500,40.8460715,-73.9475728
36061025700,25700,40.8084355,-73.95407409999999
36061025900,25900,40.8232145,-73.9423562
36061026100,26100,40.8457845,-73.9344554
36061026300,26300,40.846822700000004,-73.9374753
36061026500,26500,40.849618400000004,-73.9400607
36061026700,26700,40.8502185,-73.928708
36061026900,26900,40.850556700000006,-73.9309745
36061027100,27100,40.851939200000004,-73.9342905
36061027300,27300,40.8539297,-73.93741120000001
36061027500,27500,40.8559203,-73.94400920000001
36061027700,27700,40.855429,-73.9273911
36061027900,27900,40.855838399999996,-73.9316629
36061028100,28100,40.8570766,-73.93450440000001
36061028300,28300,40.8588309,-73.92892359999999
36061028500,28500,40.8615305,-73.9280159
36061028700,28700,40.865611200000004,-73.9363041
36061029100,29100,40.8643049,-73.92393759999999
36061029300,29300,40.8659234,-73.92012
36061029500,29500,40.8675294,-73.92493590000001
36061029700,29700,40.8744967,-73.9267947
36061029900,29900,40.8644975,-73.9163007
36061030300,30300,40.869217299999995,-73.9186597
36061030700,30700,40.8712704,-73.916675
36061030900,30900,40.8758391,-73.9104054
36061031100,31100,40.8465154,-73.92949959999999
36061031703,31703,40.7159548,-74.01821540000002
36061031704,31704,40.7083919,-74.0201567
36061031900,31900,40.70243129999999,-74.0193073
36081000100,100,40.743108,-73.9510536
36081000200,200,40.693308200000004,-73.8661652
36081000400,400,40.689685600000004,-73.8647709
36081000600,600,40.68590820000001,-73.8637277
36081000700,700,40.7448438,-73.9514092
36081000800,800,40.6873473,-73.85825870000001
36081001000,1000,40.69074929999999,-73.85929870000001
36081001200,1200,40.6942784,-73.8608412
36081001400,1400,40.6950749,-73.8552543
36081001600,1600,40.6897177,-73.8548395
36081001800,1800,40.6902842,-73.8520187
36081001900,1900,40.7486417,-73.94506729999999
36081002000,2000,40.6913899,-73.84953359999999
36081002200,2200,40.6959809,-73.85057590000001
36081002400,2400,40.6972088,-73.8465709
36081002500,2500,40.7550657,-73.9450541
36081002600,2600,40.697260299999996,-73.8430922
36081002800,2800,40.692431899999995,-73.84439880000001
36081003000,3000,40.6916999,-73.84729490000001
36081003100,3100,40.7531761,-73.93390440000002
36081003200,3200,40.687357399999996,-73.8467704
36081003300,3300,40.754387799999996,-73.9380943
36081003400,3400,40.6847732,-73.858187
36081003600,3600,40.6837714,-73.8568176
36081003700,3700,40.7625545,-73.9434311
36081003800,3800,40.6847999,-73.8474941
36081003900,3900,40.7627994,-73.9409316
36081004001,4001,40.683248,-73.84587490000001
36081004002,4002,40.681538,-73.8429922
36081004200,4200,40.6818145,-73.85796409999999
36081004300,4300,40.7609451,-73.93751429999999
36081004401,4401,40.677161600000005,-73.8593737
36081004500,4500,40.7645328,-73.9337656
36081004700,4700,40.760287899999994,-73.9331578
36081005000,5000,40.677710999999995,-73.8549186
36081005100,5100,40.7556398,-73.93213809999999
36081005200,5200,40.6807594,-73.8546643
36081005300,5300,40.7603485,-73.9292728
36081005400,5400,40.678765500000004,-73.8487437
36081005500,5500,40.753794899999995,-73.92778879999999
36081005700,5700,40.7569544,-73.92567209999999
36081005800,5800,40.673560200000004,-73.84865359999999
36081005900,5900,40.7597006,-73.9239255
36081006100,6100,40.762030700000004,-73.92204100000001
36081006201,6201,40.666876,-73.84679679999999
36081006202,6202,40.6653879,-73.85487309999999
36081006300,6300,40.764484499999995,-73.920024
36081006501,6501,40.7680492,-73.9176724
36081006502,6502,40.7667951,-73.9151194
36081006900,6900,40.7715023,-73.922154
36081007100,7100,40.76908710000001,-73.9230507
36081007300,7300,40.7669951,-73.9253702
36081007500,7500,40.764543599999996,-73.92732990000002
36081007700,7700,40.766732899999994,-73.9317327
36081007900,7900,40.769100099999996,-73.9299452
36081008100,8100,40.7700665,-73.9335769
36081008300,8300,40.772620399999994,-73.9286934
36081008500,8500,40.7600215,-73.9407223
36081008600,8600,40.6770706,-73.841081
36081008700,8700,40.7742609,-73.93476690000001
36081008800,8800,40.6708511,-73.8385632
36081009100,9100,40.77588239999999,-73.9296715
36081009400,9400,40.6814105,-73.8365114
36081009500,9500,40.7744652,-73.9207974
36081009600,9600,40.680913700000005,-73.8322684
36081009700,9700,40.77648189999999,-73.9186027
36081009800,9800,40.6854,-73.8312082
36081009900,9900,40.7787875,-73.9230731
36081010000,10000,40.6811536,-73.8288851
36081010100,10100,40.7784032,-73.91625570000001
36081010200,10200,40.6787779,-73.8229675
36081010300,10300,40.781485100000005,-73.9154037
36081010400,10400,40.682968200000005,-73.82654649999999
36081010500,10500,40.7827883,-73.9129479
36081010600,10600,40.685683000000004,-73.82496400000001
36081010701,10701,40.7860455,-73.90089240000002
36081010800,10800,40.688610100000005,-73.8305959
36081011000,11000,40.6873142,-73.8350142
36081011100,11100,40.7787953,-73.9073131
36081011200,11200,40.6840981,-73.83907459999999
36081011300,11300,40.7762579,-73.90846590000001
36081011400,11400,40.6879689,-73.84184379999999
36081011500,11500,40.7744206,-73.91334640000001
36081011600,11600,40.6888159,-73.8388153
36081011700,11700,40.772228600000005,-73.9104565
36081011800,11800,40.69069520000001,-73.83391590000001
36081011900,11900,40.7712054,-73.9060641
36081012000,12000,40.6915362,-73.8286702
36081012100,12100,40.772758700000004,-73.9035141
36081012200,12200,40.6965157,-73.8310887
36081012301,12301,40.7757825,-73.89908359999998
36081012400,12400,40.695239799999996,-73.834319
36081012500,12500,40.7709334,-73.9156734
36081012601,12601,40.6936963,-73.837425
36081012602,12602,40.6932014,-73.8407158
36081012800,12800,40.6982644,-73.8401252
36081013000,13000,40.7003729,-73.837877
36081013200,13200,40.701300599999996,-73.8343929
36081013400,13400,40.7052718,-73.8349247
36081013500,13500,40.7706485,-73.8989767
36081013600,13600,40.7066144,-73.8286632
36081013700,13700,40.7689636,-73.90492330000001
36081013800,13800,40.7065698,-73.8251454
36081014000,14000,40.7037232,-73.8289874
36081014100,14100,40.7669831,-73.906686
36081014201,14201,40.700978899999996,-73.82458940000001
36081014202,14202,40.6986903,-73.8202841
36081014300,14300,40.7663006,-73.9115112
36081014400,14400,40.698569,-73.8285071
36081014500,14500,40.7642809,-73.9075079
36081014700,14700,40.762997600000006,-73.9107521
36081014800,14800,40.694524,-73.82242120000001
36081014900,14900,40.7618544,-73.9144441
36081015000,15000,40.6934064,-73.821155
36081015100,15100,40.760166999999996,-73.9108443
36081015200,15200,40.693765899999995,-73.813753
36081015300,15300,40.7580802,-73.9136453
36081015400,15400,40.692195299999995,-73.8205653
36081015500,15500,40.760034399999995,-73.9175933
36081015600,15600,40.6903476,-73.8206026
36081015700,15700,40.755014700000004,-73.9219258
36081015801,15801,40.6888961,-73.8122577
36081015802,15802,40.6875436,-73.8196472
36081015900,15900,40.755786900000004,-73.91834250000001
36081016100,16100,40.75508189999999,-73.9145862
36081016300,16300,40.7563233,-73.9098741
36081016400,16400,40.6851018,-73.8165255
36081016600,16600,40.681292799999994,-73.8207156
36081016800,16800,40.679347899999996,-73.817233
36081016900,16900,40.7482633,-73.9143492
36081017000,17000,40.6843315,-73.81196369999999
36081017100,17100,40.7497385,-73.9255845
36081017200,17200,40.682343599999996,-73.8113588
36081017400,17400,40.6805939,-73.8105005
36081017600,17600,40.678839,-73.80966120000001
36081017800,17800,40.6771116,-73.80869720000001
36081017900,17900,40.7446864,-73.9302543
36081018000,18000,40.6757925,-73.80533659999999
36081018101,18101,40.7444961,-73.92414509999999
36081018102,18102,40.74429179999999,-73.9222688
36081018200,18200,40.6761608,-73.7991105
36081018300,18300,40.7453503,-73.9196719
36081018401,18401,40.6751363,-73.7920687
36081018402,18402,40.678948600000005,-73.7943608
36081018501,18501,40.7387097,-73.9224312
36081018502,18502,40.7405546,-73.92206469999999
36081018600,18600,40.6798953,-73.7988944
36081018700,18700,40.7366271,-73.924701
36081018800,18800,40.6816404,-73.7997973
36081018900,18900,40.74008189999999,-73.927999
36081019000,19000,40.68538770000001,-73.79522349999999
36081019200,19200,40.68383239999999,-73.8005905
36081019400,19400,40.685925899999994,-73.8034266
36081019600,19600,40.68946939999999,-73.7999085
36081019800,19800,40.691847100000004,-73.8028027
36081019900,19900,40.735256,-73.93414179999999
36081020200,20200,40.689783,-73.8077365
36081020400,20400,40.6951727,-73.8034269
36081020500,20500,40.7303785,-73.92186240000001
36081020600,20600,40.694376,-73.8093654
36081020800,20800,40.698429700000005,-73.80683
36081021200,21200,40.700920700000005,-73.8115041
36081021400,21400,40.7061333,-73.8151404
36081021600,21600,40.709369200000005,-73.8234945
36081021900,21900,40.723555299999994,-73.9182297
36081022001,22001,40.7137681,-73.8206637
36081022002,22002,40.713167799999994,-73.8144465
36081022900,22900,40.73440120000001,-73.9112819
36081023000,23000,40.71262539999999,-73.8081329
36081023200,23200,40.7095825,-73.81120770000001
36081023500,23500,40.7392495,-73.9176495
36081023600,23600,40.70734279999999,-73.8049197
36081023800,23800,40.7052217,-73.80904050000001
36081024000,24000,40.7032769,-73.80507309999999
36081024300,24300,40.7366609,-73.9020838
36081024500,24500,40.7394921,-73.9049172
36081024600,24600,40.701227200000005,-73.7965542
36081024700,24700,40.7423602,-73.89941440000001
36081024900,24900,40.7432069,-73.90422640000001
36081025100,25100,40.7449234,-73.9096532
36081025301,25301,40.7445714,-73.9165329
36081025302,25302,40.7442222,-73.9131447
36081025400,25400,40.696687,-73.7944422
36081025500,25500,40.7504312,-73.9079329
36081025700,25700,40.7501093,-73.9051745
36081025800,25800,40.696044,-73.787275
36081025900,25900,40.7485788,-73.9035254
36081026000,26000,40.692752399999996,-73.7933078
36081026100,26100,40.7472079,-73.90059670000001
36081026200,26200,40.691007899999995,-73.79209240000002
36081026300,26300,40.7457246,-73.8970941
36081026400,26400,40.692231799999995,-73.78579040000001
36081026500,26500,40.7450365,-73.8933682
36081026600,26600,40.691881200000005,-73.7816949
36081026700,26700,40.74532670000001,-73.8880307
36081026901,26901,40.7468744,-73.8822114
36081026902,26902,40.7446169,-73.882944
36081027000,27000,40.6886842,-73.7913933
36081027100,27100,40.745212,-73.8794868
36081027200,27200,40.6835769,-73.79132059999999
36081027300,27300,40.752204299999995,-73.87279040000001
36081027400,27400,40.684905,-73.788989
36081027500,27500,40.7521537,-73.87556909999999
36081027600,27600,40.6875874,-73.78623879999999
36081027700,27700,40.7526941,-73.8779449
36081027800,27800,40.6860785,-73.7829527
36081027900,27900,40.7516729,-73.8802222
36081028000,28000,40.68830620000001,-73.7797202
36081028100,28100,40.7522203,-73.882592
36081028200,28200,40.684985299999994,-73.77388309999999
36081028300,28300,40.7511737,-73.88486540000001
36081028400,28400,40.6825051,-73.7778651
36081028500,28500,40.7514812,-73.88711409999999
36081028700,28700,40.7509572,-73.8894274
36081028800,28800,40.6788005,-73.785911
36081028900,28900,40.7512925,-73.8919006
36081029100,29100,40.751351299999996,-73.8951957
36081029300,29300,40.751901700000005,-73.8994621
36081029400,29400,40.671318400000004,-73.7810597
36081029500,29500,40.7559679,-73.90674659999999
36081029700,29700,40.7586594,-73.9029725
36081029900,29900,40.7640242,-73.8993491
36081030600,30600,40.6649039,-73.7803646
36081030902,30902,40.7580679,-73.8961252
36081030903,30903,40.7579485,-73.89006490000001
36081030904,30904,40.7635282,-73.8909796
36081031700,31700,40.7703435,-73.89328499999999
36081032000,32000,40.661290799999996,-73.7649724
36081032700,32700,40.7584364,-73.8854176
36081032800,32800,40.671842100000006,-73.75568100000001
36081032900,32900,40.764435600000006,-73.882735
36081033000,33000,40.6701389,-73.763725
36081033100,33100,40.7760043,-73.87277309999999
36081033401,33401,40.6791766,-73.767437
36081033402,33402,40.6752752,-73.77180909999998
36081033700,33700,40.7587307,-73.88262809999999
36081033900,33900,40.759023799999994,-73.87983829999999
36081034700,34700,40.7669013,-73.8786315
36081035100,35100,40.7590997,-73.87704649999999
36081035200,35200,40.6794884,-73.7576222
36081035300,35300,40.759612,-73.87412490000001
36081035700,35700,40.767905999999996,-73.8715035
36081035800,35800,40.6757929,-73.7509687
36081036100,36100,40.7612829,-73.8724157
36081036300,36300,40.7596838,-73.8694173
36081036500,36500,40.7595247,-73.8656055
36081036600,36600,40.6856494,-73.76310129999999
36081036700,36700,40.7632242,-73.86794259999999
36081036800,36800,40.6852929,-73.7664502
36081037100,37100,40.764125799999995,-73.86384
36081037300,37300,40.7597007,-73.85989709999998
36081037500,37500,40.7513539,-73.87001240000001
36081037600,37600,40.687832799999995,-73.7541429
36081037700,37700,40.7556614,-73.8687135
36081037900,37900,40.755479,-73.8640763
36081038100,38100,40.7560931,-73.857723
36081038301,38301,40.7610968,-73.8420155
36081038302,38302,40.743277299999995,-73.8422688
36081038400,38400,40.6933425,-73.7476396
36081039400,39400,40.68963660000001,-73.7587815
36081039800,39800,40.6945661,-73.7647988
36081039900,39900,40.751799600000005,-73.8535822
36081040000,40000,40.6981515,-73.7648684
36081040100,40100,40.7514683,-73.8570959
36081040200,40200,40.7000316,-73.768763
36081040300,40300,40.7506523,-73.8604325
36081040400,40400,40.705212200000005,-73.7707281
36081040500,40500,40.7498674,-73.8628425
36081040700,40700,40.7503825,-73.8656042
36081040900,40900,40.74967,-73.8675917
36081041100,41100,40.743797,-73.86541190000001
36081041300,41300,40.7447309,-73.8612991
36081041400,41400,40.6996329,-73.7807637
36081041500,41500,40.746605100000004,-73.856599
36081042400,42400,40.6953881,-73.7722607
36081042600,42600,40.68884570000001,-73.77021309999999
36081042700,42700,40.743723700000004,-73.85382109999999
36081043200,43200,40.6913418,-73.7759209
36081043400,43400,40.6961992,-73.7786463
36081043701,43701,40.7391006,-73.8511271
36081043702,43702,40.7380113,-73.85652459999999
36081043900,43900,40.7418716,-73.855817
36081044000,44000,40.7026744,-73.7846247
36081044301,44301,40.740733,-73.8594543
36081044302,44302,40.7398123,-73.8640628
36081044400,44400,40.7057596,-73.78182559999999
36081044601,44601,40.7049597,-73.7977926
36081044602,44602,40.7081886,-73.799851
36081044800,44800,40.7110223,-73.8026079
36081045000,45000,40.7141751,-73.80476920000001
36081045200,45200,40.714569,-73.7995427
36081045400,45400,40.7126429,-73.7960123
36081045500,45500,40.736276600000004,-73.8622791
36081045600,45600,40.716559000000004,-73.7940062
36081045700,45700,40.7377217,-73.8698383
36081045800,45800,40.7152434,-73.79092779999999
36081045900,45900,40.739877500000006,-73.8706805
36081046000,46000,40.7082566,-73.79349
36081046100,46100,40.7417148,-73.8712656
36081046200,46200,40.7098645,-73.7879676
36081046300,46300,40.743998100000006,-73.8710892
36081046400,46400,40.7168914,-73.7870252
36081046500,46500,40.7469665,-73.87029809999999
36081046600,46600,40.71402979999999,-73.7850168
36081046700,46700,40.7454577,-73.8745828
36081046800,46800,40.710493400000004,-73.7822809
36081046900,46900,40.745196500000006,-73.8771845
36081047000,47000,40.7112968,-73.7772983
36081047100,47100,40.740984999999995,-73.876564
36081047200,47200,40.717622,-73.7789358
36081047300,47300,40.737279799999996,-73.87603059999999
36081047500,47500,40.7336958,-73.8754732
36081047600,47600,40.7224762,-73.7712113
36081047800,47800,40.719578999999996,-73.7661933
36081047900,47900,40.7354244,-73.8836417
36081048000,48000,40.7128891,-73.7730046
36081048100,48100,40.74222,-73.8850521
36081048200,48200,40.714834700000004,-73.76795229999999
36081048300,48300,40.7417067,-73.8927449
36081048400,48400,40.7158125,-73.7599617
36081048500,48500,40.739693599999995,-73.8846134
36081048900,48900,40.7372154,-73.8922174
36081049200,49200,40.7229658,-73.7584693
36081049301,49301,40.7323708,-73.8942499
36081049302,49302,40.727852399999996,-73.8917865
36081049500,49500,40.7253406,-73.890511
36081049600,49600,40.71695020000001,-73.75312190000001
36081049700,49700,40.731725399999995,-73.8903676
36081049900,49900,40.7310789,-73.8832679
36081050000,50000,40.7119556,-73.7635889
36081050201,50201,40.7088032,-73.76489690000001
36081050202,50202,40.7101892,-73.7592925
36081050400,50400,40.7051206,-73.7643599
36081050500,50500,40.7290729,-73.8747298
36081050600,50600,40.7057903,-73.7596707
36081050700,50700,40.7269681,-73.88162009999999
36081050800,50800,40.706984000000006,-73.7554219
36081051000,51000,40.7097117,-73.7537153
36081051100,51100,40.7273252,-73.9001468
36081051200,51200,40.710410100000004,-73.7501194
36081051300,51300,40.7318897,-73.8975137
36081051500,51500,40.730968100000005,-73.90151829999999
36081051600,51600,40.702723799999994,-73.74726159999999
36081051700,51700,40.724610799999994,-73.9002992
36081051800,51800,40.701838099999996,-73.7520094
36081052000,52000,40.7011396,-73.7546876
36081052100,52100,40.7208537,-73.9015199
36081052200,52200,40.700444700000006,-73.7573683
36081052400,52400,40.7012277,-73.7619595
36081052500,52500,40.718981799999995,-73.90664459999999
36081052600,52600,40.697098499999996,-73.7597587
36081052800,52800,40.6940352,-73.7587303
36081053000,53000,40.69633820000001,-73.75254029999999
36081053100,53100,40.723080700000004,-73.90832420000001
36081053200,53200,40.7001025,-73.749092
36081053401,53401,40.699821899999996,-73.7441554
36081053500,53500,40.7159285,-73.9164306
36081053601,53601,40.7067119,-73.74587109999999
36081053800,53800,40.7064706,-73.7425265
36081053900,53900,40.7104724,-73.9165372
36081054000,54000,40.7127994,-73.7432271
36081054200,54200,40.719075399999994,-73.74649090000001
36081054500,54500,40.7055404,-73.9126439
36081054700,54700,40.7036335,-73.9097208
36081054800,54800,40.7231969,-73.75127979999999
36081054900,54900,40.7022172,-73.9077595
36081055100,55100,40.7015951,-73.90391170000001
36081055200,55200,40.7278217,-73.74958249999999
36081055300,55300,40.6988791,-73.90650179999999
36081055400,55400,40.727796000000005,-73.740167
36081055500,55500,40.6971897,-73.9032297
36081055600,55600,40.72555070000001,-73.74500340000002
36081055700,55700,40.6986896,-73.8983147
36081055800,55800,40.7225352,-73.7416982
36081055900,55900,40.6943566,-73.9017777
36081056000,56000,40.7254454,-73.73654870000001
36081056100,56100,40.693140299999996,-73.8855463
36081056200,56200,40.7246401,-73.7331833
36081056400,56400,40.72156210000001,-73.73337729999999
36081056500,56500,40.6942679,-73.89688170000001
36081056600,56600,40.719738799999995,-73.7384041
36081056700,56700,40.6968721,-73.8921358
36081056800,56800,40.7155717,-73.7335697
36081057700,57700,40.70039620000001,-73.890718
36081057900,57900,40.7034917,-73.8900443
36081058000,58000,40.70712520000001,-73.7303611
36081058100,58100,40.70395739999999,-73.89380820000001
36081058200,58200,40.706989,-73.7375538
36081058300,58300,40.701938,-73.8976203
36081058500,58500,40.704371,-73.8994203
36081058700,58700,40.7071439,-73.9002784
36081058900,58900,40.7062404,-73.9050398
36081059000,59000,40.701257700000006,-73.7369979
36081059100,59100,40.7081118,-73.9097807
36081059200,59200,40.7009872,-73.7290074
36081059300,59300,40.710208,-73.90265079999999
36081059400,59400,40.6984691,-73.7311844
36081059500,59500,40.7137599,-73.90832409999999
36081059600,59600,40.6971372,-73.7370565
36081059800,59800,40.698294700000005,-73.7406666
36081059900,59900,40.7172449,-73.902132
36081060000,60000,40.695063,-73.7333032
36081060100,60100,40.715213500000004,-73.9024125
36081060300,60300,40.713921899999995,-73.8990012
36081060600,60600,40.6917471,-73.7353308
36081060701,60701,40.717257200000006,-73.8939704
36081060800,60800,40.693603700000004,-73.7413143
36081061000,61000,40.6901773,-73.7432572
36081061200,61200,40.6882912,-73.73672540000001
36081061301,61301,40.708958700000004,-73.893182
36081061302,61302,40.7093221,-73.8835282
36081061400,61400,40.686113299999995,-73.72950329999999
36081061601,61601,40.6818804,-73.7318865
36081061602,61602,40.677561100000005,-73.72926149999999
36081061800,61800,40.6768927,-73.736406
36081061900,61900,40.7097834,-73.8770926
36081062000,62000,40.6810535,-73.7378078
36081062100,62100,40.7099551,-73.8726291
36081062200,62200,40.691945700000005,-73.7288713
36081062300,62300,40.7043799,-73.8781855
36081062400,62400,40.6857947,-73.74203359999998
36081062500,62500,40.704132,-73.8824139
36081062600,62600,40.6819819,-73.7481273
36081062700,62700,40.7037717,-73.8864539
36081062900,62900,40.700965999999994,-73.8831162
36081063000,63000,40.680293400000004,-73.7435717
36081063200,63200,40.676519,-73.7405119
36081063301,63301,40.7044802,-73.8745728
36081063302,63302,40.7053328,-73.871404
36081063500,63500,40.704741799999994,-73.8669633
36081063700,63700,40.7083681,-73.8622875
36081063800,63800,40.6698395,-73.7330916
36081063900,63900,40.7038549,-73.8570005
36081064101,64101,40.6991149,-73.851762
36081064102,64102,40.7021029,-73.8534762
36081064500,64500,40.7091347,-73.85223549999999
36081064600,64600,40.672790899999995,-73.7423877
36081065000,65000,40.669459499999995,-73.7448273
36081065400,65400,40.6624184,-73.74006949999999
36081065501,65501,40.7147539,-73.8666497
36081065600,65600,40.6599317,-73.7296587
36081065702,65702,40.713330299999996,-73.8829484
36081065703,65703,40.7151213,-73.87531290000001
36081065900,65900,40.71554520000001,-73.88248399999999
36081066000,66000,40.6585725,-73.73337049999999
36081066100,66100,40.717512400000004,-73.8817907
36081066300,66300,40.721119,-73.8773457
36081066400,66400,40.6501388,-73.7450484
36081066501,66501,40.7193396,-73.8873699
36081066701,66701,40.7218169,-73.89134090000002
36081066900,66900,40.723566999999996,-73.88592159999999
36081067100,67100,40.7244752,-73.8781025
36081067700,67700,40.7191106,-73.8724306
36081067900,67900,40.7241195,-73.87019790000001
36081068000,68000,40.6637001,-73.7501194
36081068200,68200,40.6677913,-73.75040809999999
36081068300,68300,40.7349475,-73.8688355
36081068700,68700,40.73025139999999,-73.86926059999999
36081069000,69000,40.6603597,-73.75543959999999
36081069300,69300,40.728826,-73.8632814
36081069400,69400,40.6559015,-73.7502586
36081069500,69500,40.726063200000006,-73.86753940000001
36081069701,69701,40.7268101,-73.8602671
36081069702,69702,40.7222427,-73.8628715
36081070300,70300,40.7162763,-73.8593342
36081070700,70700,40.7150576,-73.85555450000001
36081070900,70900,40.7192676,-73.85501359999999
36081071100,71100,40.7220691,-73.8524931
36081071303,71303,40.7258401,-73.8496444
36081071304,71304,40.7288128,-73.8541386
36081071305,71305,40.7241595,-73.85148609999999
36081071306,71306,40.7260735,-73.8560987
36081071600,71600,40.6468162,-73.78650490000001
36081071701,71701,40.7312287,-73.85994670000001
36081071702,71702,40.733397700000005,-73.8627243
36081071900,71900,40.7346182,-73.8555472
36081072100,72100,40.7311896,-73.8537413
36081072300,72300,40.7162394,-73.8477446
36081072900,72900,40.7128152,-73.8521724
36081073100,73100,40.7109534,-73.84633170000001
36081073700,73700,40.7184419,-73.843242
36081073900,73900,40.7236917,-73.8442823
36081074100,74100,40.728280700000006,-73.8470482
36081074300,74300,40.7322992,-73.84924609999999
36081074500,74500,40.7360593,-73.850749
36081074700,74700,40.732608899999995,-73.8452073
36081074900,74900,40.7132541,-73.8400801
36081075701,75701,40.718221899999996,-73.8347946
36081075702,75702,40.7243175,-73.840184
36081076901,76901,40.7164439,-73.83755440000002
36081076902,76902,40.7150152,-73.8339605
36081077300,77300,40.710859899999996,-73.8353244
36081077500,77500,40.7090995,-73.83227
36081077902,77902,40.7252799,-73.8248477
36081077903,77903,40.719226299999995,-73.82160309999999
36081077904,77904,40.720962,-73.81413909999999
36081077905,77905,40.7173235,-73.8129281
36081077906,77906,40.729388799999995,-73.8187323
36081077907,77907,40.7249697,-73.8184478
36081077908,77908,40.725606299999995,-73.8136817
36081078800,78800,40.6703261,-73.79036540000001
36081079000,79000,40.6724787,-73.7966161
36081079200,79200,40.6689436,-73.7969176
36081079300,79300,40.7363734,-73.83147170000001
36081079701,79701,40.75334539999999,-73.8247561
36081079702,79702,40.75134,-73.8294238
36081079900,79900,40.7469854,-73.827383
36081080301,80301,40.744751799999996,-73.8309053
36081080302,80302,40.740323,-73.82605500000001
36081080900,80900,40.7338854,-73.82234040000002
36081081400,81400,40.670692100000004,-73.8039227
36081081800,81800,40.670537100000004,-73.8090558
36081083700,83700,40.7447904,-73.8197988
36081083800,83800,40.6702951,-73.8195098
36081084000,84000,40.67394960000001,-73.81765209999999
36081084500,84500,40.7499656,-73.8202293
36081084601,84601,40.6673404,-73.8217385
36081084602,84602,40.665128499999994,-73.81661590000002
36081084900,84900,40.7547095,-73.83299790000001
36081085300,85300,40.757152000000005,-73.82765309999999
36081085500,85500,40.7596421,-73.8236353
36081085700,85700,40.7570602,-73.8230578
36081085900,85900,40.7549868,-73.8207973
36081086100,86100,40.75681289999999,-73.8178758
36081086300,86300,40.7612685,-73.8199413
36081086400,86400,40.6734229,-73.83153850000001
36081086500,86500,40.7626727,-73.8251535
36081086900,86900,40.7651771,-73.83377840000001
36081087100,87100,40.7590855,-73.8338185
36081088400,88400,40.655682500000005,-73.8337184
36081088901,88901,40.772393,-73.828199
36081089200,89200,40.652939399999994,-73.8470911
36081090700,90700,40.773317999999996,-73.83941180000001
36081091601,91601,40.559795,-73.9162387
36081091602,91602,40.55943920000001,-73.8895493
36081091800,91800,40.5681936,-73.8720935
36081091900,91900,40.7769057,-73.848718
36081092200,92200,40.57308870000001,-73.86014399999999
36081092500,92500,40.7824823,-73.84476640000001
36081092800,92800,40.5738361,-73.8519272
36081092900,92900,40.7886373,-73.85759449999999
36081093401,93401,40.5810401,-73.8467062
36081093402,93402,40.5756036,-73.83952940000002
36081093800,93800,40.5799916,-73.8293524
36081093900,93900,40.7958135,-73.8426879
36081094201,94201,40.586123,-73.8209816
36081094202,94202,40.59122,-73.8104108
36081094203,94203,40.5824764,-73.8099279
36081094500,94500,40.7904686,-73.8313733
36081094700,94700,40.7855737,-73.8413733
36081095400,95400,40.5922001,-73.7995154
36081096400,96400,40.5928549,-73.7921857
36081097202,97202,40.587950799999994,-73.7792173
36081097203,97203,40.6023654,-73.78031779999999
36081097204,97204,40.593907,-73.78112829999999
36081097300,97300,40.7952179,-73.8225156
36081098100,98100,40.7987473,-73.8168676
36081098700,98700,40.796344500000004,-73.8071094
36081099100,99100,40.7921211,-73.7989283
36081099200,99200,40.5926422,-73.7670153
36081099701,99701,40.7809157,-73.7900321
36081099703,99703,40.783117,-73.7745374
36081099704,99704,40.7816674,-73.7807804
36081099705,99705,40.7936201,-73.775207
36081099801,99801,40.5980924,-73.7575813
36081099802,99802,40.590035,-73.7585069
36081099900,99900,40.791785600000004,-73.77686690000002
36081100801,100801,40.610676700000006,-73.767718
36081100802,100802,40.602964799999995,-73.7642408
36081101001,101001,40.596775799999996,-73.74910770000001
36081101002,101002,40.59863060000001,-73.7413532
36081101700,101700,40.779781299999996,-73.7982488
36081102900,102900,40.7839152,-73.80736999999999
36081103201,103201,40.6086667,-73.75537709999999
36081103202,103202,40.606640500000005,-73.7475182
36081103300,103300,40.7791778,-73.80965970000001
36081103900,103900,40.784057399999995,-73.8190341
36081104700,104700,40.7748152,-73.8203696
36081105900,105900,40.7737697,-73.8070645
36081107201,107201,40.6039653,-73.8220432
36081107202,107202,40.61822539999999,-73.81227750000001
36081108500,108500,40.7724639,-73.7890027
36081109300,109300,40.774938299999995,-73.77053559999999
36081109700,109700,40.7703507,-73.7772746
36081109900,109900,40.76795070000001,-73.7864663
36081111300,111300,40.7675655,-73.7621572
36081112300,112300,40.766292,-73.7712453
36081112900,112900,40.765399200000004,-73.7768143
36081113300,113300,40.7641613,-73.7831307
36081113900,113900,40.76423,-73.790616
36081114100,114100,40.7690968,-73.7966892
36081114700,114700,40.7682675,-73.8019551
36081115100,115100,40.7685717,-73.80763
36081115500,115500,40.7678352,-73.81179350000001
36081115700,115700,40.767576,-73.8151694
36081115900,115900,40.7686392,-73.8207537
36081116100,116100,40.7668291,-73.8257235
36081116300,116300,40.7638208,-73.8192061
36081116700,116700,40.7621734,-73.8124434
36081117100,117100,40.763251600000004,-73.805704
36081117500,117500,40.7614727,-73.79642290000001
36081118100,118100,40.759499600000005,-73.7873594
36081118500,118500,40.7594677,-73.8038056
36081118700,118700,40.7596321,-73.81288020000001
36081118900,118900,40.756505499999996,-73.81261359999999
36081119100,119100,40.756665000000005,-73.8065111
36081119300,119300,40.7571846,-73.7996267
36081119500,119500,40.754867299999994,-73.799471
36081119900,119900,40.75346210000001,-73.8095776
36081120100,120100,40.753212100000006,-73.8140593
36081120300,120300,40.7487999,-73.8125809
36081120500,120500,40.751274200000005,-73.8171091
36081120700,120700,40.7507951,-73.8009821
36081121100,121100,40.745345,-73.8047775
36081121500,121500,40.7403946,-73.8058361
36081122300,122300,40.734981700000006,-73.7994824
36081122701,122701,40.7333418,-73.8070927
36081122702,122702,40.7331777,-73.8127306
36081124100,124100,40.7268041,-73.8024085
36081124700,124700,40.7280811,-73.796244
36081125700,125700,40.724133,-73.8079345
36081126500,126500,40.7204985,-73.8037018
36081126700,126700,40.720266200000005,-73.79784040000001
36081127700,127700,40.7244237,-73.7834107
36081128300,128300,40.7339553,-73.76884709999999
36081129102,129102,40.7316087,-73.7544175
36081129103,129103,40.7367166,-73.759684
36081129104,129104,40.7380984,-73.7501561
36081130100,130100,40.7335,-73.739776
36081133300,133300,40.7319191,-73.779273
36081133900,133900,40.728640000000006,-73.7900377
36081134100,134100,40.7352553,-73.79120640000001
36081134700,134700,40.7379085,-73.7811206
36081136700,136700,40.7441935,-73.7603456
36081137700,137700,40.7471224,-73.7500051
36081138501,138501,40.754906299999995,-73.754825
36081138502,138502,40.7519685,-73.745527
36081139900,139900,40.7498759,-73.762449
36081140300,140300,40.7481453,-73.7696481
36081140901,140901,40.7465273,-73.77493270000001
36081140902,140902,40.7448571,-73.7821667
36081141700,141700,40.7447946,-73.79168299999999
36081142900,142900,40.751069,-73.7845411
36081143500,143500,40.75292879999999,-73.7702227
36081144100,144100,40.7556569,-73.7637983
36081144700,144700,40.756868299999994,-73.7724262
36081145101,145101,40.755138099999996,-73.7846965
36081145102,145102,40.7532399,-73.7780994
36081145900,145900,40.7542208,-73.79196329999999
36081146300,146300,40.7594706,-73.7810828
36081146700,146700,40.7612107,-73.77319849999999
36081147100,147100,40.7614729,-73.76346579999999
36081147900,147900,40.7695661,-73.7423055
36081148300,148300,40.776411100000004,-73.752133
36081150701,150701,40.7621829,-73.73969129999999
36081150702,150702,40.7664048,-73.7306657
36081152901,152901,40.7523114,-73.7336379
36081152902,152902,40.7593014,-73.7239523
36081155101,155101,40.7565778,-73.7141781
36081155102,155102,40.7511253,-73.7153522
36081156700,156700,40.7403748,-73.7297126
36081157101,157101,40.7385627,-73.71962909999999
36081157102,157102,40.7350618,-73.725049
36081157901,157901,40.7447859,-73.70460849999999
36081157902,157902,40.7415842,-73.7119995
36081157903,157903,40.733825700000004,-73.7075324
36081161700,161700,40.728806,-73.71763940000001
36081162100,162100,40.7284598,-73.7296981
36081990100,990100,40.540173200000005,-73.8909698
36085000300,300,40.6444096,-74.0659627
36085000600,600,40.617696200000005,-74.060624
36085000700,700,40.6480203,-74.0810377
36085000800,800,40.6119576,-74.067715
36085000900,900,40.6422065,-74.0828564
36085001100,1100,40.638776299999996,-74.08266540000001
36085001700,1700,40.6343907,-74.0812548
36085001800,1800,40.601682399999994,-74.0541759
36085002001,2001,40.607004100000005,-74.0710186
36085002002,2002,40.6015417,-74.07024659999999
36085002100,2100,40.6314479,-74.0683933
36085002700,2700,40.6235871,-74.07642740000001
36085002900,2900,40.6196581,-74.0827407
36085003300,3300,40.6256016,-74.08661070000001
36085003600,3600,40.6110561,-74.07590440000001
36085003900,3900,40.6211881,-74.0933501
36085004000,4000,40.6135963,-74.08086170000001
36085004700,4700,40.6141852,-74.09473940000001
36085005000,5000,40.604145700000004,-74.0860217
36085005900,5900,40.6253208,-74.09924699999999
36085006400,6400,40.5972421,-74.0785059
36085006700,6700,40.6351914,-74.10110340000001
36085007000,7000,40.58655170000001,-74.075581
36085007400,7400,40.592134200000004,-74.06275240000001
36085007500,7500,40.6335987,-74.0909457
36085007700,7700,40.63786629999999,-74.0902676
36085008100,8100,40.643871999999995,-74.09386490000001
36085009601,9601,40.5969289,-74.08860200000001
36085009602,9602,40.590782399999995,-74.09515909999999
36085009700,9700,40.642824100000006,-74.1105431
36085010500,10500,40.633798999999996,-74.1118714
36085011201,11201,40.5775244,-74.085498
36085011202,11202,40.569865500000006,-74.09463509999999
36085011401,11401,40.585743900000004,-74.09909820000001
36085011402,11402,40.5811925,-74.10495240000002
36085012100,12100,40.625879,-74.1096439
36085012200,12200,40.5759718,-74.1114581
36085012500,12500,40.628707299999995,-74.1188592
36085012804,12804,40.563154299999994,-74.1015541
36085012805,12805,40.552966600000005,-74.1150819
36085012806,12806,40.557576899999994,-74.1073255
36085013201,13201,40.564777899999996,-74.12257209999999
36085013203,13203,40.5497039,-74.1427247
36085013204,13204,40.5594209,-74.1302418
36085013301,13301,40.6355984,-74.1189103
36085013302,13302,40.6358896,-74.12350179999999
36085013400,13400,40.5698839,-74.1174466
36085013800,13800,40.570488899999994,-74.13188170000001
36085014100,14100,40.6288689,-74.1268923
36085014604,14604,40.5500383,-74.15975470000001
36085014605,14605,40.5586985,-74.1501224
36085014606,14606,40.5625598,-74.142622
36085014607,14607,40.556922,-74.1641209
36085014608,14608,40.558465500000004,-74.1565181
36085014700,14700,40.6192682,-74.1164248
36085015100,15100,40.619533700000005,-74.1275925
36085015400,15400,40.5418488,-74.12693270000001
36085015601,15601,40.5421524,-74.1545777
36085015602,15602,40.5360199,-74.16180340000001
36085015603,15603,40.5318784,-74.14625649999999
36085016901,16901,40.612452399999995,-74.1093818
36085017005,17005,40.5393537,-74.1814136
36085017007,17007,40.558493299999995,-74.1879731
36085017008,17008,40.5559127,-74.1797504
36085017009,17009,40.543202799999996,-74.18982829999999
36085017010,17010,40.5510991,-74.19604659999999
36085017011,17011,40.5456376,-74.17022970000001
36085017012,17012,40.5529546,-74.1737881
36085017300,17300,40.605279100000004,-74.11827690000001
36085017600,17600,40.525637100000004,-74.1719805
36085017700,17700,40.6024123,-74.10403079999999
36085018100,18100,40.5891023,-74.1207995
36085018701,18701,40.6107619,-74.1272858
36085018702,18702,40.6039239,-74.1261594
36085018901,18901,40.6120915,-74.1399974
36085018902,18902,40.605239399999995,-74.1380413
36085019700,19700,40.616984499999994,-74.13524040000001
36085019800,19800,40.513362,-74.2016412
36085020100,20100,40.62403870000001,-74.1342647
36085020700,20700,40.6394573,-74.1331569
36085020801,20801,40.548705,-74.2097514
36085020803,20803,40.5328202,-74.2106674
36085020804,20804,40.5358036,-74.199533
36085021300,21300,40.6326156,-74.138903
36085022300,22300,40.638947200000004,-74.1526939
36085022600,22600,40.5384355,-74.23161359999999
36085022800,22800,40.576460100000006,-74.18754270000001
36085023100,23100,40.6301244,-74.15632059999999
36085023900,23900,40.6295397,-74.1493305
36085024401,24401,40.5093461,-74.2390755
36085024402,24402,40.4996223,-74.2388411
36085024700,24700,40.6275086,-74.1417975
36085024800,24800,40.5158052,-74.24459329999999
36085025100,25100,40.6180408,-74.14603309999998
36085027301,27301,40.5997587,-74.15183309999999
36085027302,27302,40.595558000000004,-74.13873170000001
36085027702,27702,40.5800895,-74.1636447
36085027704,27704,40.5854221,-74.1515104
36085027705,27705,40.588248,-74.156982
36085027706,27706,40.5909369,-74.1619016
36085027900,27900,40.5749591,-74.1491087
36085029102,29102,40.6090797,-74.1913398
36085029103,29103,40.604305700000005,-74.17045309999999
36085029104,29104,40.6137133,-74.1634983
36085030301,30301,40.618888299999995,-74.1562102
36085030302,30302,40.6235145,-74.1587313
36085031901,31901,40.6303035,-74.16332109999999
36085031902,31902,40.6395465,-74.1656672
36085032300,32300,40.635093,-74.1791639
36085990100,990100,40.5255512,-74.1085829
