station_id,station_name,lat,lon,first_trip,last_trip,geoid,trips_starting_here_2017,trips_ending_here_2017,total_trips_2017
254.0,W 11 St & 6 Ave,40.73532427,-73.99800419,2013-06-01,2019-07-31,36061006300,141183,143935,285118
252.0,MacDougal St & Washington Sq,40.73226398,-73.99852205,2013-06-01,2019-07-31,36061006300,141183,143935,285118
253.0,W 13 St & 5 Ave,40.73543934,-73.99453948,2013-06-01,2018-10-31,36061006300,141183,143935,285118
345.0,W 13 St & 6 Ave,40.73649403,-73.99704374,2013-06-01,2018-10-31,36061006300,141183,143935,285118
151.0,Cleveland Pl & Spring St,40.7218158,-73.99720307,2013-06-01,2019-07-31,36061004100,121704,118537,240241
263.0,Elizabeth St & Hester St,40.71729000000001,-73.996375,2013-06-01,2016-09-30,36061004100,121704,118537,240241
3435.0,Grand St & Elizabeth St,40.718821999999996,-73.99596,2016-09-01,2019-07-31,36061004100,121704,118537,240241
352.0,W 56 St & 6 Ave,40.76340613,-73.97722479,2013-06-01,2016-12-31,36061010400,39180,43987,83167
520.0,W 52 St & 5 Ave,40.75992262,-73.97648516,2013-06-01,2019-07-31,36061010400,39180,43987,83167
490.0,8 Ave & W 33 St,40.751551,-73.993934,2013-06-01,2019-07-31,36061010300,181434,172059,353493
521.0,8 Ave & W 31 St,40.75044999,-73.99481051,2013-06-01,2016-05-31,36061010300,181434,172059,353493
3255.0,8 Ave & W 31 St,40.7505853470215,-73.9946848154068,2016-05-01,2019-07-31,36061010300,181434,172059,353493
3230.0,Penn Station Valet,40.751283596962296,-73.99692445993422,2015-09-01,2017-02-28,36061010300,181434,172059,353493
3017.0,NYCBS Depot - FAR,40.751483,-73.996764,2013-06-01,2017-02-03,36061010300,181434,172059,353493
3450.0,Penn Station Valet - Valet Scan,40.7512836,-73.9969245,2017-02-23,2017-04-30,36061010300,181434,172059,353493
236.0,St Marks Pl & 2 Ave,40.7284186,-73.98713956,2013-06-01,2019-07-31,36061003800,125356,129286,254642
438.0,St Marks Pl & 1 Ave,40.72779126,-73.98564945,2013-06-01,2019-07-31,36061003800,125356,129286,254642
439.0,E 4 St & 2 Ave,40.726280700000004,-73.98978041,2013-06-01,2019-07-31,36061003800,125356,129286,254642
300.0,Shevchenko Pl & E 6 St,40.728145,-73.990214,2013-06-01,2016-08-29,36061003800,125356,129286,254642
351.0,Front St & Maiden Ln,40.70530954,-74.00612572,2013-06-01,2019-07-31,36061000700,159969,167929,327898
415.0,Pearl St & Hanover Square,40.7047177,-74.00926027,2013-06-01,2019-07-31,36061000700,159969,167929,327898
195.0,Liberty St & Broadway,40.70905623,-74.01043382,2013-06-01,2019-07-31,36061000700,159969,167929,327898
337.0,Old Slip & Front St,40.70379920000001,-74.00838676,2013-06-01,2019-07-31,36061000700,159969,167929,327898
315.0,South St & Gouverneur Ln,40.70355377,-74.00670227,2013-06-01,2019-07-31,36061000700,159969,167929,327898
360.0,William St & Pine St,40.70717936,-74.00887308,2013-06-01,2019-07-31,36061000700,159969,167929,327898
264.0,Maiden Ln & Pearl St,40.70706456,-74.00731853,2013-06-01,2019-07-31,36061000700,159969,167929,327898
2000.0,Front St & Washington St,40.70255088,-73.98940236,2013-06-01,2019-07-31,36047002100,82840,92772,175612
418.0,Front St & Gold St,40.70224,-73.982578,2013-06-01,2019-07-31,36047002100,82840,92772,175612
217.0,Old Fulton St,40.70277159,-73.99383605,2013-06-01,2019-07-31,36047002100,82840,92772,175612
430.0,York St & Jay St,40.7014851,-73.98656928,2013-06-01,2018-02-28,36047002100,82840,92772,175612
414.0,Pearl St & Anchorage Pl,40.70281858,-73.98765762,2013-06-01,2019-06-30,36047002100,82840,92772,175612
533.0,Broadway & W 39 St,40.75299641,-73.98721619,2013-06-01,2019-07-31,36061011300,224960,226033,450993
477.0,W 41 St & 8 Ave,40.75640548,-73.9900262,2013-06-01,2019-07-31,36061011300,224960,226033,450993
523.0,W 38 St & 8 Ave,40.75466591,-73.99138152,2013-06-01,2019-07-31,36061011300,224960,226033,450993
465.0,Broadway & W 41 St,40.75513557,-73.98658032,2013-06-01,2019-07-31,36061011300,224960,226033,450993
301.0,E 2 St & Avenue B,40.72217444,-73.98368779,2013-06-01,2019-07-31,36061003002,42051,42327,84378
421.0,Clermont Ave & Park Ave,40.69573398,-73.97129668,2013-06-01,2019-07-31,36047018700,24658,24316,48974
366.0,Clinton Ave & Myrtle Ave,40.693261,-73.968896,2013-06-01,2019-07-31,36047018700,24658,24316,48974
249.0,Harrison St & Hudson St,40.71870987,-74.0090009,2013-06-01,2019-07-31,36061003900,98697,99425,198122
328.0,Watts St & Greenwich St,40.72405549,-74.00965965,2013-06-01,2019-07-31,36061003900,98697,99425,198122
276.0,Duane St & Greenwich St,40.71748752,-74.0104554,2013-06-01,2019-07-31,36061003900,98697,99425,198122
329.0,Greenwich St & N Moore St,40.72043411,-74.01020609,2013-06-01,2016-09-30,36061003900,98697,99425,198122
3436.0,Greenwich St & Hubert St,40.721319,-74.010065,2016-09-01,2017-10-31,36061003900,98697,99425,198122
2002.0,Wythe Ave & Metropolitan Ave,40.716887,-73.96319799999998,2013-06-01,2019-07-31,36047055500,27163,29479,56642
466.0,W 25 St & 6 Ave,40.74395411,-73.99144871,2013-06-01,2019-07-31,36061005800,108191,106203,214394
444.0,Broadway & W 24 St,40.742354299999995,-73.98915076,2013-06-01,2017-10-31,36061005800,108191,106203,214394
3641.0,Broadway & W 25 St,40.74286877312112,-73.98918628692627,2017-10-01,2019-07-31,36061005800,108191,106203,214394
494.0,W 26 St & 8 Ave,40.74734825,-73.99723551,2013-06-01,2019-07-31,36061009700,123116,121877,244993
489.0,10 Ave & W 28 St,40.75066386,-74.00176802,2013-06-01,2019-07-31,36061009700,123116,121877,244993
512.0,W 29 St & 9 Ave,40.750072700000004,-73.99839279,2013-06-01,2016-02-29,36061009700,123116,121877,244993
3259.0,9 Ave & W 28 St,40.74937024193277,-73.99923384189607,2016-06-01,2019-07-31,36061009700,123116,121877,244993
3258.0,W 27 St & 10 Ave,40.75018156325681,-74.00218427181244,2016-07-01,2019-06-30,36061009700,123116,121877,244993
384.0,Fulton St & Waverly Ave,40.68317813,-73.9659641,2013-06-01,2017-09-30,36047019900,23670,22923,46593
275.0,Washington Ave & Greene Ave,40.68650065,-73.96563307,2013-06-01,2019-07-31,36047019900,23670,22923,46593
3637.0,Fulton St & Waverly Ave,40.68323865460341,-73.96599590778352,2017-09-01,2019-07-31,36047019900,23670,22923,46593
457.0,Broadway & W 58 St,40.76695317,-73.98169333,2013-06-01,2018-10-31,36061013700,121940,117083,239023
468.0,Broadway & W 55 St,40.7652654,-73.98192338,2013-06-01,2019-07-31,36061013700,121940,117083,239023
3458.0,W 55 St & 6 Ave,40.76309387270797,-73.97835016250609,2017-05-01,2019-05-31,36061013700,121940,117083,239023
290.0,2 Ave & E 58 St,40.76020258,-73.96478473,2013-06-01,2015-12-31,36061010800,31817,32614,64431
385.0,E 55 St & 2 Ave,40.75797322,-73.96603308,2013-06-01,2019-06-30,36061010800,31817,32614,64431
464.0,E 56 St & 3 Ave,40.75934501,-73.96759673,2013-06-01,2015-08-31,36061010800,31817,32614,64431
306.0,Cliff St & Fulton St,40.70823502,-74.00530063,2013-06-01,2018-08-31,36061001502,60250,61364,121614
376.0,John St & William St,40.70862144,-74.00722156,2013-06-01,2019-07-31,36061001502,60250,61364,121614
316.0,Fulton St & William St,40.70955958,-74.00653609,2013-06-01,2019-07-31,36061001502,60250,61364,121614
505.0,6 Ave & W 33 St,40.74901271,-73.98848395,2013-06-01,2019-07-31,36061010100,199041,197417,396458
379.0,W 31 St & 7 Ave,40.749156,-73.9916,2013-06-01,2019-07-31,36061010100,199041,197417,396458
492.0,W 33 St & 7 Ave,40.75019995,-73.99093085,2013-06-01,2019-07-31,36061010100,199041,197417,396458
334.0,W 20 St & 7 Ave,40.74238787,-73.99726235,2013-06-01,2019-07-31,36061008700,150585,154109,304694
435.0,W 21 St & 6 Ave,40.74173969,-73.99415556,2013-06-01,2019-07-31,36061008700,150585,154109,304694
382.0,University Pl & E 14 St,40.73492695,-73.99200509,2013-06-01,2019-07-31,36061006100,201694,208123,409817
285.0,Broadway & E 14 St,40.73454567,-73.99074142,2013-06-01,2019-07-31,36061006100,201694,208123,409817
280.0,E 10 St & 5 Ave,40.73331967,-73.99510132,2013-06-01,2019-07-31,36061006100,201694,208123,409817
357.0,E 11 St & Broadway,40.73261787,-73.99158043,2013-06-01,2019-04-30,36061006100,201694,208123,409817
496.0,E 16 St & 5 Ave,40.73726186,-73.99238967,2013-06-01,2019-07-31,36061005200,157515,164104,321619
497.0,E 17 St & Broadway,40.73704984,-73.99009296,2013-06-01,2019-07-31,36061005200,157515,164104,321619
297.0,E 15 St & 3 Ave,40.734232,-73.986923,2013-06-01,2019-07-31,36061005000,135701,135663,271364
475.0,E 16 St & Irving Pl,40.73524276,-73.98758561,2013-06-01,2017-02-28,36061005000,135701,135663,271364
503.0,E 20 St & Park Ave,40.73827428,-73.98751968,2013-06-01,2019-07-31,36061005000,135701,135663,271364
3463.0,E 16 St & Irving Pl,40.735367055605394,-73.98797392845155,2017-04-01,2019-07-31,36061005000,135701,135663,271364
367.0,E 53 St & Lexington Ave,40.75828065,-73.97069431,2013-06-01,2017-01-27,36061010000,82900,82286,165186
2023.0,E 55 St & Lexington Ave,40.75968085,-73.97031366,2013-06-01,2019-07-31,36061010000,82900,82286,165186
522.0,E 51 St & Lexington Ave,40.75714758,-73.97207836,2013-06-01,2019-07-31,36061010000,82900,82286,165186
3223.0,E 55 St & 3 Ave,40.758996559605116,-73.96865397691727,2015-08-01,2019-06-30,36061010000,82900,82286,165186
327.0,Vesey Pl & River Terrace,40.715337899999994,-74.01658354,2013-06-01,2019-07-31,36061031703,135504,143802,279306
426.0,West St & Chambers St,40.71754834,-74.01322069,2013-06-01,2019-07-31,36061031703,135504,143802,279306
224.0,Spruce St & Nassau St,40.71146364,-74.00552427,2013-06-01,2019-07-31,36061001501,8701,7950,16651
3489.0,Gold St & Frankfort St,40.710699946313866,-74.00354146957396,2017-08-01,2019-01-31,36061001501,8701,7950,16651
428.0,E 3 St & 1 Ave,40.72467721,-73.98783413,2013-06-01,2018-01-31,36061003602,70477,71362,141839
403.0,E 2 St & 2 Ave,40.72502876,-73.99069656,2013-06-01,2019-07-31,36061003602,70477,71362,141839
3265.0,E 2 St & 2 Ave,40.7245634290432,-73.9894437789917,2016-07-01,2017-03-29,36061003602,70477,71362,141839
2017.0,E 43 St & 2 Ave,40.75022392,-73.97121414,2013-07-01,2019-07-31,36061008800,27646,28310,55956
455.0,1 Ave & E 44 St,40.75001986,-73.96905301,2013-06-01,2019-07-31,36061008800,27646,28310,55956
510.0,W 51 St & 6 Ave,40.7606597,-73.98042047,2013-06-01,2016-08-29,36061013100,111550,112461,224011
469.0,Broadway & W 53 St,40.76344058,-73.98268129,2013-06-01,2019-07-31,36061013100,111550,112461,224011
500.0,Broadway & W 51 St,40.76228826,-73.98336183,2013-06-01,2019-07-31,36061013100,111550,112461,224011
3443.0,W 52 St & 6 Ave,40.76132983124814,-73.97982001304626,2017-01-01,2019-07-31,36061013100,111550,112461,224011
326.0,E 11 St & 1 Ave,40.72953837,-73.98426726,2013-06-01,2019-07-31,36061004000,91907,93530,185437
237.0,E 11 St & 2 Ave,40.73047309,-73.98672378,2013-06-01,2019-07-31,36061004000,91907,93530,185437
432.0,E 7 St & Avenue A,40.72621788,-73.98379855,2013-06-01,2019-07-31,36061003200,149882,158498,308380
445.0,E 10 St & Avenue A,40.72740794,-73.98142006,2013-06-01,2019-07-31,36061003200,149882,158498,308380
317.0,E 6 St & Avenue B,40.72453734,-73.98185424,2013-06-01,2019-07-31,36061003200,149882,158498,308380
319.0,Park Pl & Church St,40.71336124,-74.00937622,2013-06-01,2019-07-31,36061002100,145449,145735,291184
309.0,Murray St & West St,40.7149787,-74.013012,2013-06-01,2019-07-31,36061002100,145449,145735,291184
152.0,Warren St & Church St,40.71473993,-74.00910627,2013-06-01,2018-04-30,36061002100,145449,145735,291184
147.0,Greenwich St & Warren St,40.71542197,-74.01121978,2013-06-01,2017-05-31,36061002100,145449,145735,291184
417.0,Barclay St & Church St,40.71291224,-74.01020234,2013-06-01,2019-07-31,36061002100,145449,145735,291184
3461.0,Murray St & Greenwich St,40.71485150526252,-74.01122331619263,2017-05-01,2019-07-31,36061002100,145449,145735,291184
284.0,Greenwich Ave & 8 Ave,40.7390169121,-74.0026376103,2013-06-01,2019-07-31,36061007700,120939,123228,244167
3224.0,W 13 St & Hudson St,40.73997354103409,-74.00513872504234,2015-08-01,2018-05-31,36061007700,120939,123228,244167
168.0,W 18 St & 6 Ave,40.73971301,-73.99456405,2013-06-01,2019-07-31,36061005400,69827,72502,142329
509.0,9 Ave & W 22 St,40.7454973,-74.00197139,2013-06-01,2019-05-31,36061008900,145661,149557,295218
470.0,W 20 St & 8 Ave,40.74345335,-74.00004031,2013-06-01,2019-07-31,36061008900,145661,149557,295218
462.0,W 22 St & 10 Ave,40.74691959,-74.00451887,2013-06-01,2019-07-31,36061008900,145661,149557,295218
479.0,9 Ave & W 45 St,40.76019252,-73.9912551,2013-06-01,2019-07-31,36061012100,169166,161493,330659
2021.0,W 45 St & 8 Ave,40.75929124,-73.98859651,2013-06-01,2019-07-31,36061012100,169166,161493,330659
515.0,W 43 St & 10 Ave,40.76009437,-73.99461843,2013-06-01,2019-07-31,36061012100,169166,161493,330659
3236.0,W 42 St & Dyer Ave,40.75898481399634,-73.99379968643187,2015-11-01,2019-07-31,36061012100,169166,161493,330659
3240.0,NYCBS Depot BAL - DYR,40.759030082196055,-73.9938586950302,2016-12-01,2018-08-31,36061012100,169166,161493,330659
389.0,Broadway & Berry St,40.71044554,-73.96525063,2013-06-01,2019-07-31,36047054900,40207,41667,81874
460.0,S 4 St & Wythe Ave,40.71285887,-73.96590294,2013-06-01,2019-07-31,36047054900,40207,41667,81874
157.0,Henry St & Atlantic Ave,40.69089272,-73.99612349,2013-06-01,2019-07-31,36047000700,36418,37689,74107
143.0,Clinton St & Joralemon St,40.69239502,-73.99337909,2013-06-01,2019-07-31,36047000700,36418,37689,74107
402.0,Broadway & E 22 St,40.74034320000001,-73.98955109,2013-06-01,2019-07-31,36061005600,155957,166452,322409
491.0,E 24 St & Park Ave S,40.74096374,-73.98602213,2013-06-01,2019-07-31,36061005600,155957,166452,322409
247.0,Perry St & Bleecker St,40.73535398,-74.00483091,2013-06-01,2019-07-31,36061007300,66825,68320,135145
380.0,W 4 St & 7 Ave S,40.73401143,-74.00293877,2013-06-01,2019-07-31,36061007300,66825,68320,135145
396.0,Lefferts Pl & Franklin Ave,40.680342423,-73.9557689392,2013-06-01,2019-07-31,36047022700,25074,24504,49578
436.0,Hancock St & Bedford Ave,40.68216564,-73.95399026,2013-06-01,2019-07-31,36047022700,25074,24504,49578
365.0,Fulton St & Grand Ave,40.68223166,-73.9614583,2013-06-01,2019-07-31,36047022700,25074,24504,49578
387.0,Centre St & Chambers St,40.71273266,-74.0046073,2013-06-01,2019-07-31,36061003100,79464,76224,155688
386.0,Centre St & Worth St,40.71494807,-74.00234482,2013-06-01,2019-07-31,36061003100,79464,76224,155688
330.0,Reade St & Broadway,40.71450451,-74.00562789,2013-06-01,2019-07-31,36061003100,79464,76224,155688
116.0,W 17 St & 8 Ave,40.74177603,-74.00149746,2013-06-01,2019-07-31,36061008300,180253,181629,361882
212.0,W 16 St & The High Line,40.74334935,-74.00681753,2013-06-01,2019-07-31,36061008300,180253,181629,361882
434.0,9 Ave & W 18 St,40.74317449,-74.00366443,2013-06-01,2019-07-31,36061008300,180253,181629,361882
463.0,9 Ave & W 16 St,40.74206539,-74.00443172,2013-06-01,2016-05-31,36061008300,180253,181629,361882
3472.0,W 15 St & 10 Ave,40.742753828659026,-74.00747358798982,2017-06-01,2019-07-31,36061008300,180253,181629,361882
3428.0,8 Ave & W 16 St,40.740983,-74.00170200000002,2016-09-01,2017-11-30,36061008300,180253,181629,361882
501.0,FDR Drive & E 35 St,40.744219,-73.97121214,2013-06-01,2019-07-31,36061008601,35509,34989,70498
502.0,Henry St & Grand St,40.714215,-73.981346,2013-06-01,2019-07-31,36061000202,57762,58323,116085
291.0,Madison St & Montgomery St,40.713126,-73.984844,2013-06-01,2019-07-31,36061000202,57762,58323,116085
332.0,Cherry St,40.71219906,-73.97948148,2013-06-01,2019-07-31,36061000202,57762,58323,116085
405.0,Washington St & Gansevoort St,40.739323,-74.008119,2013-06-01,2019-07-31,36061007900,102397,104708,207105
346.0,Bank St & Hudson St,40.73652889,-74.00618026,2013-06-01,2019-07-31,36061007900,102397,104708,207105
225.0,W 14 St & The High Line,40.74195138,-74.00803013,2013-06-01,2017-05-31,36061007900,102397,104708,207105
404.0,9 Ave & W 14 St,40.7405826,-74.00550867,2013-06-01,2015-08-31,36061007900,102397,104708,207105
238.0,Bank St & Washington St,40.7361967,-74.00859207,2013-06-01,2019-07-31,36061007900,102397,104708,207105
449.0,W 52 St & 9 Ave,40.76461837,-73.98789473,2013-06-01,2018-03-31,36061013300,87204,85683,172887
423.0,W 54 St & 9 Ave,40.76584941,-73.98690506,2013-06-01,2019-07-31,36061013300,87204,85683,172887
447.0,8 Ave & W 52 St,40.76370739,-73.9851615,2013-06-01,2019-07-31,36061013300,87204,85683,172887
504.0,1 Ave & E 15 St,40.73221853,-73.98165557,2013-06-01,2019-07-31,36061004400,178200,171512,349712
2003.0,1 Ave & E 18 St,40.73416059,-73.98024289,2013-06-01,2019-07-31,36061004400,178200,171512,349712
511.0,E 14 St & Avenue B,40.72938685,-73.97772429,2013-06-01,2017-07-31,36061004400,178200,171512,349712
487.0,E 20 St & FDR Drive,40.73314259,-73.97573881,2013-06-01,2019-07-31,36061004400,178200,171512,349712
3219.0,NYCBS Depot - STY,40.729193,-73.97665500000002,2016-07-01,2017-05-31,36061004400,178200,171512,349712
3468.0,NYCBS Depot - STY - Garage 4,40.73038010000001,-73.9747502,2017-05-01,2018-07-31,36061004400,178200,171512,349712
525.0,W 34 St & 11 Ave,40.75594159,-74.0021163,2013-06-01,2019-07-31,36061009900,228036,236447,464483
448.0,W 37 St & 10 Ave,40.75660359,-73.9979009,2013-06-01,2019-07-31,36061009900,228036,236447,464483
459.0,W 20 St & 11 Ave,40.746745000000004,-74.007756,2013-06-01,2019-07-31,36061009900,228036,236447,464483
458.0,11 Ave & W 27 St,40.751396,-74.00522600000002,2013-06-01,2019-07-31,36061009900,228036,236447,464483
388.0,W 26 St & 10 Ave,40.749717753,-74.002950346,2013-06-01,2019-07-31,36061009900,228036,236447,464483
3441.0,10 Hudson Yards,40.752957,-74.00264,2017-03-01,2019-07-31,36061009900,228036,236447,464483
260.0,Broad St & Bridge St,40.70365182,-74.01167797,2013-06-01,2019-07-31,36061000900,65201,70214,135415
259.0,South St & Whitehall St,40.70122128,-74.01234218,2013-06-01,2019-07-31,36061000900,65201,70214,135415
427.0,State St,40.70251526,-74.01427023,2013-06-01,2019-07-31,36061000900,65201,70214,135415
534.0,Water - Whitehall Plaza,40.70255065,-74.0127234,2013-06-01,2019-07-31,36061000900,65201,70214,135415
369.0,Washington Pl & 6 Ave,40.73224119,-74.00026394,2013-06-01,2019-07-31,36061006500,120216,124582,244798
161.0,LaGuardia Pl & W 3 St,40.72917025,-73.99810231,2013-06-01,2019-07-31,36061006500,120216,124582,244798
336.0,Sullivan St & Washington Sq,40.73047747,-73.99906065,2013-06-01,2019-07-31,36061006500,120216,124582,244798
517.0,Pershing Square S,40.75149263,-73.97798848,2013-06-01,2019-07-31,36061008000,266800,262553,529353
519.0,Pershing Square N,40.75188406,-73.97770164,2013-06-01,2019-07-31,36061008000,266800,262553,529353
167.0,E 39 St & 3 Ave,40.7489006,-73.97604882,2013-06-01,2019-07-31,36061008000,266800,262553,529353
160.0,E 37 St & Lexington Ave,40.748238,-73.978311,2013-06-01,2016-09-30,36061008000,266800,262553,529353
3431.0,E 35 St & 3 Ave,40.746524,-73.977885,2016-09-01,2019-02-28,36061008000,266800,262553,529353
410.0,Suffolk St & Stanton St,40.72066442,-73.98517977,2013-06-01,2019-07-31,36061003001,42370,42416,84786
312.0,Allen St & E Houston St,40.722055,-73.989111,2013-06-01,2019-07-31,36061003601,82674,84214,166888
265.0,Stanton St & Chrystie St,40.72229346,-73.99147535,2013-06-01,2019-07-31,36061003601,82674,84214,166888
342.0,Columbia St & Rivington St,40.71739973,-73.98016555,2013-06-01,2019-07-31,36061002201,25538,25596,51134
400.0,Pitt St & Stanton St,40.71926081,-73.98178024,2013-06-01,2019-07-31,36061002201,25538,25596,51134
347.0,W Houston St & Hudson St,40.72873888,-74.00748842,2013-06-01,2019-07-31,36061003700,176228,180786,357014
128.0,MacDougal St & Prince St,40.72710258,-74.00297088,2013-06-01,2019-07-31,36061003700,176228,180786,357014
2004.0,6 Ave & Broome St,40.724399,-74.004704,2013-06-01,2017-03-29,36061003700,176228,180786,357014
377.0,6 Ave & Canal St,40.72243797,-74.00566443,2013-06-01,2019-07-31,36061003700,176228,180786,357014
3256.0,Pier 40 - Hudson River Park,40.7277140777778,-74.01129573583603,2016-06-01,2019-07-31,36061003700,176228,180786,357014
540.0,Lexington Ave & E 26 St,40.74147286,-73.98320928,2013-06-01,2019-07-31,36061006800,103512,104613,208125
537.0,Lexington Ave & E 24 St,40.74025878,-73.98409214,2013-06-01,2018-10-31,36061006800,103512,104613,208125
453.0,W 22 St & 8 Ave,40.74475148,-73.99915362,2013-06-01,2019-07-31,36061009300,48635,50082,98717
467.0,Dean St & 4 Ave,40.68312489,-73.97895137,2013-06-01,2019-07-31,36047012901,28480,29863,58343
3417.0,Baltic St & 5 Ave,40.6795766,-73.97854971,2016-08-19,2019-07-31,36047012901,28480,29863,58343
536.0,1 Ave & E 30 St,40.74144387,-73.97536082,2013-06-01,2019-07-31,36061007000,138167,139386,277553
528.0,2 Ave & E 31 St,40.74290902,-73.97706058,2013-06-01,2019-07-31,36061007000,138167,139386,277553
527.0,E 33 St & 1 Ave,40.74315566,-73.97434726,2013-06-01,2018-06-30,36061007000,138167,139386,277553
372.0,Franklin Ave & Myrtle Ave,40.69452800000001,-73.958089,2013-06-01,2019-07-31,36047123700,4818,4711,9529
480.0,W 53 St & 10 Ave,40.76669671,-73.99061728,2013-06-01,2019-07-31,36061013500,65986,67150,133136
72.0,W 52 St & 11 Ave,40.76727216,-73.99392888,2013-06-01,2019-07-31,36061013500,65986,67150,133136
441.0,E 52 St & 2 Ave,40.756014,-73.967416,2013-06-01,2019-07-31,36061009800,65584,65150,130734
454.0,E 51 St & 1 Ave,40.75455731,-73.96592976,2013-06-01,2019-07-31,36061009800,65584,65150,130734
3459.0,E 53 St & 3 Ave,40.75763227739443,-73.9693057537079,2017-04-01,2019-07-31,36061009800,65584,65150,130734
524.0,W 43 St & 6 Ave,40.75527307,-73.98316936,2013-06-01,2019-06-30,36061009600,101960,102040,204000
538.0,W 49 St & 5 Ave,40.75795248,-73.97787642,2013-06-01,2015-10-31,36061009600,101960,102040,204000
484.0,W 44 St & 5 Ave,40.75500254,-73.98014437,2013-06-01,2019-07-31,36061009600,101960,102040,204000
3466.0,W 45 St & 6 Ave (OLD),40.75668720603179,-73.98257732391356,2017-05-01,2019-04-30,36061009600,101960,102040,204000
2006.0,Central Park S & 6 Ave,40.76590936,-73.97634151,2013-06-01,2019-07-31,36061014300,248055,223073,471128
3137.0,5 Ave & E 73 St,40.77282817,-73.96685276,2015-09-01,2019-07-31,36061014300,248055,223073,471128
3165.0,Central Park West & W 72 St,40.77579376683666,-73.97620573639871,2015-09-01,2019-07-31,36061014300,248055,223073,471128
3163.0,Central Park West & W 68 St,40.7734066,-73.97782542,2015-09-01,2019-07-31,36061014300,248055,223073,471128
3160.0,Central Park West & W 76 St,40.77896784,-73.97374737,2015-09-01,2019-07-31,36061014300,248055,223073,471128
3168.0,Central Park West & W 85 St,40.78472675,-73.96961715,2015-10-01,2019-07-31,36061014300,248055,223073,471128
3143.0,5 Ave & E 78 St,40.77682863439968,-73.96388769149779,2015-10-01,2019-07-31,36061014300,248055,223073,471128
3282.0,5 Ave & E 88 St,40.78307,-73.95939,2016-08-01,2019-07-31,36061014300,248055,223073,471128
3292.0,5 Ave & E 93 St,40.78578510000001,-73.957481,2016-08-03,2019-07-31,36061014300,248055,223073,471128
3295.0,Central Park W & W 96 St,40.791270000000004,-73.964839,2016-08-04,2019-07-31,36061014300,248055,223073,471128
3341.0,Central Park West & W 102 St,40.795346,-73.96186,2016-08-08,2019-07-31,36061014300,248055,223073,471128
3136.0,5 Ave & E 63 St,40.766368,-73.971518,2015-09-01,2019-07-31,36061014300,248055,223073,471128
3374.0,Central Park North & Adam Clayton Powell Blvd,40.799484,-73.955613,2016-09-01,2019-07-31,36061014300,248055,223073,471128
3257.0,Adventures NYC,40.77376867022874,-73.97116988897324,2016-06-18,2017-06-30,36061014300,248055,223073,471128
2012.0,E 27 St & 1 Ave,40.739445,-73.97680600000002,2013-06-01,2019-07-31,36061006600,85812,84314,170126
507.0,E 25 St & 2 Ave,40.73912601,-73.97973776,2013-06-01,2019-07-31,36061006600,85812,84314,170126
343.0,Clinton Ave & Flushing Ave,40.69794,-73.96986848,2013-06-01,2019-07-31,36047054300,25314,29042,54356
313.0,Washington Ave & Park Ave,40.69610226,-73.96751037,2013-06-01,2019-07-31,36047054300,25314,29042,54356
2005.0,Railroad Ave & Kay Ave,40.70531194,-73.97100056,2013-06-01,2019-07-31,36047054300,25314,29042,54356
2001.0,7 Ave & Farragut St,40.69892054,-73.97332996,2013-06-01,2018-06-30,36047054300,25314,29042,54356
3648.0,Flushing Ave & Vanderbilt Ave,40.69795031569544,-73.97077560424805,2017-11-01,2019-07-31,36047054300,25314,29042,54356
2022.0,E 59 St & Sutton Pl,40.75849116,-73.95920622,2013-06-01,2019-07-31,36061010602,8213,7540,15753
446.0,W 24 St & 7 Ave,40.74487634,-73.99529885,2013-06-01,2019-07-31,36061009100,61048,62140,123188
513.0,W 56 St & 10 Ave,40.768254,-73.988639,2013-06-01,2019-07-31,36061013900,25243,25261,50504
516.0,E 47 St & 1 Ave,40.75206862,-73.96784384,2013-06-01,2019-07-31,36061009000,85056,86493,171549
164.0,E 47 St & 2 Ave,40.75323098,-73.97032517,2013-06-01,2019-07-31,36061009000,85056,86493,171549
440.0,E 45 St & 3 Ave,40.75255434,-73.97282625,2013-06-01,2019-07-31,36061009000,85056,86493,171549
3462.0,E 44 St & 2 Ave,40.75118387463277,-73.97138714790343,2017-04-01,2019-02-28,36061009000,85056,86493,171549
304.0,Broadway & Battery Pl,40.70463334,-74.01361706,2013-06-01,2019-07-31,36061001300,36360,46910,83270
481.0,S 3 St & Bedford Ave,40.71260486,-73.96264403,2013-06-01,2019-07-31,36047055100,16129,15281,31410
79.0,Franklin St & W Broadway,40.71911552,-74.00666661,2013-06-01,2019-07-31,36061003300,115154,118043,233197
257.0,Lispenard St & Broadway,40.71939226,-74.00247214,2013-06-01,2019-07-31,36061003300,115154,118043,233197
146.0,Hudson St & Reade St,40.71625008,-74.0091059,2013-06-01,2019-07-31,36061003300,115154,118043,233197
320.0,Church St & Leonard St,40.71743998,-74.00583475,2013-06-01,2019-07-31,36061003300,115154,118043,233197
248.0,Laight St & Hudson St,40.72185379,-74.00771779,2013-06-01,2019-07-31,36061003300,115154,118043,233197
310.0,State St & Smith St,40.68926942,-73.98912867,2013-06-01,2019-07-31,36047004300,13604,14341,27945
361.0,Allen St & Hester St,40.71605866,-73.99190759,2013-06-01,2019-07-31,36061001600,96900,97491,194391
296.0,Division St & Bowery,40.71413089,-73.99704679999998,2013-06-01,2019-07-31,36061001600,96900,97491,194391
412.0,Forsyth St & Canal St,40.71581550000001,-73.99422366,2013-06-01,2019-07-31,36061001600,96900,97491,194391
293.0,Lafayette St & E 8 St,40.73028666,-73.9907647,2013-06-01,2019-07-31,36061005700,108140,112562,220702
335.0,Washington Pl & Broadway,40.72903917,-73.99404649,2013-06-01,2019-07-31,36061005700,108140,112562,220702
251.0,Mott St & Prince St,40.72317958,-73.99480012,2013-06-01,2019-07-31,36061004300,100639,100824,201463
250.0,Lafayette St & Jersey St,40.72456089,-73.99565293,2013-06-01,2016-07-31,36061004300,100639,100824,201463
3427.0,Lafayette St & Jersey St,40.72430527250332,-73.99600982666016,2016-08-29,2019-07-31,36061004300,100639,100824,201463
486.0,Broadway & W 29 St,40.7462009,-73.98855723,2013-06-01,2019-07-31,36061007600,98358,100309,198667
498.0,Broadway & W 32 St,40.74854862,-73.98808416,2013-06-01,2019-05-31,36061007600,98358,100309,198667
483.0,E 12 St & 3 Ave,40.73223272,-73.98889957,2013-06-01,2019-07-31,36061004200,122892,121492,244384
3263.0,Cooper Square & E 7 St,40.72923649910006,-73.99086803197861,2016-07-01,2019-07-31,36061004200,122892,121492,244384
473.0,Rivington St & Chrystie St,40.72110063,-73.99192540000001,2013-06-01,2019-07-31,36061001800,139185,141179,280364
401.0,Allen St & Rivington St,40.72019576,-73.98997825,2013-06-01,2019-07-31,36061001800,139185,141179,280364
531.0,Forsyth St & Broome St,40.71893904,-73.99266288,2013-06-01,2019-07-31,36061001800,139185,141179,280364
311.0,Norfolk St & Broome St,40.7172274,-73.98802084,2013-06-01,2019-07-31,36061001800,139185,141179,280364
229.0,Great Jones St,40.72743423,-73.99379025,2013-06-01,2019-07-31,36061005502,69137,71948,141085
281.0,Grand Army Plaza & Central Park S,40.764397100000004,-73.97371465,2013-06-01,2019-07-31,36061011201,46792,49585,96377
358.0,Christopher St & Greenwich St,40.73291553,-74.00711384,2013-06-01,2019-07-31,36061006900,120790,123080,243870
127.0,Barrow St & Hudson St,40.73172428,-74.00674436,2013-06-01,2019-07-31,36061006900,120790,123080,243870
349.0,Rivington St & Ridge St,40.71850211,-73.98329859,2013-06-01,2019-07-31,36061001200,35018,32354,67372
356.0,Bialystoker Pl & Delancey St,40.71622644,-73.98261206,2013-06-01,2019-07-31,36061001200,35018,32354,67372
3019.0,NYCBS Depot - DEL,40.716633,-73.981933,2013-06-01,2013-07-01,36061001200,35018,32354,67372
394.0,E 9 St & Avenue C,40.72521311,-73.97768752,2013-06-01,2019-07-31,36061002800,42284,42240,84524
3632.0,E 12 St & Avenue B,40.728048571362606,-73.97881150245668,2017-09-01,2018-10-31,36061002800,42284,42240,84524
450.0,W 49 St & 8 Ave,40.76227205,-73.98788205,2013-06-01,2019-07-31,36061012700,87344,88835,176179
495.0,W 47 St & 10 Ave,40.76269882,-73.99301222,2013-06-01,2019-07-31,36061012700,87344,88835,176179
482.0,W 15 St & 7 Ave,40.73935542,-73.99931783,2013-06-01,2019-07-31,36061008100,50660,52992,103652
390.0,Duffield St & Willoughby St,40.69221589,-73.9842844,2013-06-01,2019-07-31,36047001500,33743,34065,67808
278.0,Concord St & Bridge St,40.69766564,-73.98476437,2013-06-01,2019-07-31,36047001500,33743,34065,67808
261.0,Johnson St & Gold St,40.69474881,-73.98362464,2013-06-01,2019-07-31,36047001500,33743,34065,67808
228.0,E 48 St & 3 Ave,40.7546011026,-73.971878855,2013-06-01,2019-07-31,36061009200,85127,87094,172221
359.0,E 47 St & Park Ave,40.75510267,-73.97498696,2013-06-01,2019-07-31,36061009200,85127,87094,172221
268.0,Howard St & Centre St,40.71910537,-73.99973337,2013-06-01,2019-07-31,36061004500,33806,33804,67610
323.0,Lawrence St & Willoughby St,40.69236178,-73.98631746,2013-06-01,2019-07-31,36047001100,41912,41321,83233
233.0,Joralemon St & Adams St,40.69246277,-73.98963911,2013-06-01,2016-06-29,36047001100,41912,41321,83233
3440.0,Fulton St & Adams St,40.692418292578466,-73.98949474096298,2016-11-01,2019-07-31,36047001100,41912,41321,83233
303.0,Mercer St & Spring St,40.72362738,-73.99949601,2013-06-01,2019-07-31,36061004900,68175,69113,137288
348.0,W Broadway & Spring St,40.72490985,-74.00154702,2013-06-01,2017-08-28,36061004900,68175,69113,137288
3467.0,W Broadway & Spring Street,40.72494672359416,-74.00165855884552,2017-08-01,2019-07-31,36061004900,68175,69113,137288
488.0,W 39 St & 9 Ave,40.75645824,-73.99372222,2013-06-01,2017-06-30,36061011500,60684,60584,121268
529.0,W 42 St & 8 Ave,40.75756989999999,-73.99098507,2013-06-01,2019-07-31,36061011500,60684,60584,121268
325.0,E 19 St & 3 Ave,40.73624527,-73.98473765,2013-06-01,2019-07-31,36061004800,34634,35185,69819
354.0,Emerson Pl & Myrtle Ave,40.69363137,-73.96223558,2013-06-01,2019-07-31,36047019300,49444,44204,93648
399.0,Lafayette Ave & St James Pl,40.68851534,-73.9647628,2013-06-01,2019-07-31,36047019300,49444,44204,93648
364.0,Lafayette Ave & Classon Ave,40.68900443,-73.96023854,2013-06-01,2019-07-31,36047019300,49444,44204,93648
244.0,Willoughby Ave & Hall St,40.69196035,-73.96536851,2013-06-01,2019-07-31,36047019300,49444,44204,93648
539.0,Metropolitan Ave & Bedford Ave,40.71534825,-73.96024116,2013-06-01,2019-07-31,36047055300,84873,87238,172111
3093.0,N 6 St & Bedford Ave,40.71745169,-73.95850939,2015-08-01,2019-07-31,36047055300,84873,87238,172111
3092.0,Berry St & N 8 St,40.7190095,-73.95852515,2015-08-01,2019-07-31,36047055300,84873,87238,172111
532.0,S 5 Pl & S 4 St,40.710451,-73.960876,2013-06-01,2019-07-31,36047052300,24621,22028,46649
2010.0,Grand St & Greene St,40.72165481,-74.00234737,2013-06-01,2019-03-31,36061004700,40704,38826,79530
3474.0,6 Ave & Spring St,40.7252556952547,-74.00412082672119,2017-06-01,2019-03-31,36061004700,40704,38826,79530
267.0,Broadway & W 36 St,40.75097711,-73.98765428,2013-06-01,2019-07-31,36061010900,60210,61191,121401
362.0,Broadway & W 37 St,40.75172632,-73.98753523,2013-06-01,2019-07-31,36061010900,60210,61191,121401
3464.0,W 37 St & Broadway,40.752270938374096,-73.98770570755005,2017-05-01,2017-10-31,36061010900,60210,61191,121401
173.0,Broadway & W 49 St,40.76064679,-73.98442659,2013-06-01,2019-07-31,36061012500,46717,46388,93105
416.0,Cumberland St & Lafayette Ave,40.68753406,-73.97265183,2013-06-01,2019-07-31,36047018100,12440,11413,23853
471.0,Grand St & Havemeyer St,40.71286844,-73.95698119,2013-06-01,2019-07-31,36047051900,29450,29987,59437
3085.0,Roebling St & N 4 St,40.714690000000004,-73.95739,2015-09-01,2019-07-31,36047051900,29450,29987,59437
3088.0,Union Ave & Jackson St,40.7160751,-73.95202900000002,2015-08-01,2019-07-31,36047051900,29450,29987,59437
243.0,Fulton St & Rockwell Pl,40.687979,-73.978474,2013-06-01,2019-07-31,36047003300,30837,42516,73353
324.0,DeKalb Ave & Hudson Ave,40.689888,-73.981013,2013-06-01,2019-07-31,36047003300,30837,42516,73353
271.0,Ashland Pl & Hanson Pl,40.68528172,-73.97805813,2013-06-01,2015-08-31,36047003500,69406,70714,140120
83.0,Atlantic Ave & Fort Greene Pl,40.68382604,-73.97632328,2013-06-01,2019-07-31,36047003500,69406,70714,140120
274.0,Lafayette Ave & Fort Greene Pl,40.68691865,-73.976682,2013-06-01,2019-07-31,36047003500,69406,70714,140120
353.0,S Portland Ave & Hanson Pl,40.68539567,-73.97431458,2013-06-01,2019-07-31,36047003500,69406,70714,140120
3222.0,Hanson Pl & St Felix St,40.68515959989177,-73.97711366415024,2015-08-01,2016-09-30,36047003500,69406,70714,140120
3429.0,Hanson Pl & Ashland Pl,40.68506807308177,-73.97790759801863,2016-09-01,2019-07-31,36047003500,69406,70714,140120
456.0,E 53 St & Madison Ave,40.75971079999999,-73.97402311,2013-06-01,2019-07-31,36061010200,23518,24264,47782
137.0,E 56 St & Madison Ave,40.761628,-73.972924,2013-06-01,2016-11-30,36061010200,23518,24264,47782
461.0,E 20 St & 2 Ave,40.73587678,-73.98205027,2013-06-01,2019-07-31,36061006400,49052,49040,98092
375.0,Mercer St & Bleecker St,40.72679454,-73.99695094,2013-06-01,2016-06-29,36061005501,45053,44085,89138
3260.0,Mercer St & Bleecker St,40.72706363348306,-73.99662137031554,2016-06-01,2019-07-31,36061005501,45053,44085,89138
518.0,E 39 St & 2 Ave,40.74780373,-73.97344190000003,2013-06-01,2019-07-31,36061007800,50488,50239,100727
499.0,Broadway & W 60 St,40.76915505,-73.98191841,2013-06-01,2019-07-31,36061014500,54870,49546,104416
307.0,Canal St & Rutgers St,40.71427487,-73.98990025,2013-06-01,2019-07-31,36061000600,68040,68723,136763
340.0,Madison St & Clinton St,40.71269042,-73.98776323,2013-06-01,2019-07-31,36061000600,68040,68723,136763
331.0,Pike St & Monroe St,40.71173107,-73.99193043,2013-06-01,2019-07-31,36061000600,68040,68723,136763
153.0,E 40 St & 5 Ave,40.752062306999996,-73.9816324043,2013-06-01,2017-10-31,36061008200,62733,57545,120278
3235.0,E 41 St & Madison Ave,40.752165280621966,-73.97992193698882,2015-10-01,2019-07-31,36061008200,62733,57545,120278
3234.0,E 40 St & Madison Ave,40.75159368451112,-73.98043155670166,2015-10-21,2016-01-31,36061008200,62733,57545,120278
3643.0,E 41 St & 5 Ave,40.75272201381188,-73.98123621940613,2017-10-01,2018-04-30,36061008200,62733,57545,120278
232.0,Cadman Plaza E & Tillary St,40.69597683,-73.99014892,2013-06-01,2018-11-30,36047001300,32767,31093,63860
392.0,Jay St & Tech Pl,40.695065,-73.987167,2013-06-01,2019-07-31,36047001300,32767,31093,63860
321.0,Cadman Plaza E & Red Cross Pl,40.69991755,-73.98971773,2013-06-01,2019-07-31,36047001300,32767,31093,63860
350.0,Clinton St & Grand St,40.71559509,-73.9870295,2013-06-01,2019-07-31,36061001401,26173,26230,52403
422.0,W 59 St & 10 Ave,40.770513,-73.988038,2013-06-01,2019-07-31,36061014700,21787,21743,43530
341.0,Stanton St & Mangin St,40.71782143,-73.97628939,2013-06-01,2019-07-31,36061001002,13784,13884,27668
442.0,W 27 St & 7 Ave,40.746646999999996,-73.993915,2013-06-01,2019-07-31,36061009500,58692,60546,119238
363.0,West Thames St,40.70834698,-74.01713445,2013-06-01,2019-07-31,36061031704,128763,122861,251624
2008.0,Little West St & 1 Pl,40.70569254,-74.01677685,2013-06-01,2019-07-31,36061031704,128763,122861,251624
3002.0,South End Ave & Liberty St,40.711512,-74.01575600000002,2013-06-01,2019-07-31,36061031704,128763,122861,251624
294.0,Washington Square E,40.73049393,-73.99572140000002,2013-06-01,2016-01-31,36061005900,39480,37722,77202
3244.0,University Pl & E 8 St,40.73143724085228,-73.99490341544151,2016-01-01,2019-07-31,36061005900,39480,37722,77202
368.0,Carmine St & 6 Ave,40.73038599,-74.00214988,2013-06-01,2019-07-31,36061006700,72286,74372,146658
514.0,12 Ave & W 40 St,40.76087502,-74.00277668,2013-06-01,2019-07-31,36061011700,99145,105849,204994
478.0,11 Ave & W 41 St,40.76030096,-73.99884222,2013-06-01,2019-07-31,36061011700,99145,105849,204994
485.0,W 37 St & 5 Ave,40.75038009,-73.98338988,2013-06-01,2019-07-31,36061008400,33485,33880,67365
120.0,Lexington Ave & Classon Ave,40.68676793,-73.95928168,2013-06-01,2019-07-31,36047023300,14391,13415,27806
409.0,DeKalb Ave & Skillman St,40.6906495,-73.95643107,2013-06-01,2019-03-31,36047023300,14391,13415,27806
472.0,E 32 St & Park Ave,40.74571210000001,-73.98194829,2013-06-01,2019-07-31,36061007200,137241,138784,276025
476.0,E 31 St & 3 Ave,40.74394314,-73.97966069,2013-06-01,2019-07-31,36061007200,137241,138784,276025
546.0,E 30 St & Park Ave S,40.74444921,-73.98303529,2013-06-01,2019-07-31,36061007200,137241,138784,276025
305.0,E 58 St & 3 Ave,40.76095756,-73.96724467,2013-06-01,2019-07-31,36061011203,37192,38370,75562
493.0,W 45 St & 6 Ave,40.7568001,-73.98291153,2013-06-01,2019-07-31,36061011900,5028,5075,10103
355.0,Bayard St & Baxter St,40.71602118,-73.99974372,2013-06-01,2019-07-31,36061002900,31603,32517,64120
433.0,E 13 St & Avenue A,40.72955361,-73.98057249,2013-06-01,2018-10-31,36061003400,50668,50326,100994
526.0,E 33 St & 5 Ave,40.74765947,-73.98490707,2013-06-01,2019-07-31,36061007400,86195,86920,173115
474.0,5 Ave & E 29 St,40.7451677,-73.98683077,2013-06-01,2019-07-31,36061007400,86195,86920,173115
393.0,E 5 St & Avenue C,40.72299208,-73.97995466,2013-06-01,2019-07-31,36061002601,19444,20506,39950
308.0,St James Pl & Oliver St,40.71307916,-73.99851193,2013-06-01,2019-07-31,36061002700,19645,20157,39802
408.0,Market St & Cherry St,40.71076228,-73.99400398,2013-06-01,2019-07-31,36061000800,38013,38079,76092
295.0,Pike St & E Broadway,40.71406667,-73.99293911,2013-06-01,2019-07-31,36061000800,38013,38079,76092
239.0,Willoughby St & Fleet St,40.69196566,-73.9813018,2013-06-01,2019-07-31,36047003100,48487,44238,92725
241.0,DeKalb Ave & S Portland Ave,40.68981035,-73.97493121,2013-06-01,2019-07-31,36047003100,48487,44238,92725
262.0,Washington Park,40.69178232,-73.97372989,2013-06-01,2019-07-31,36047003100,48487,44238,92725
245.0,Myrtle Ave & St Edwards St,40.69327018,-73.97703874,2013-06-01,2019-07-31,36047003100,48487,44238,92725
279.0,Sands St & Gold St,40.69986937,-73.98271933,2013-06-01,2019-07-31,36047002300,32047,33645,65692
144.0,Nassau St & Navy St,40.69839895,-73.98068914,2013-06-01,2019-07-31,36047002300,32047,33645,65692
298.0,3 Ave & Schermerhorn St,40.68683208,-73.9796772,2013-06-01,2019-07-31,36047003700,18126,20743,38869
218.0,Gallatin Pl & Livingston St,40.69028437,-73.98707105,2013-06-01,2015-12-31,36047003700,18126,20743,38869
431.0,Hanover Pl & Livingston St,40.68864636,-73.98263429,2013-06-01,2015-09-30,36047003700,18126,20743,38869
3232.0,Bond St & Fulton St,40.68962188790333,-73.98304268717766,2015-09-01,2019-07-31,36047003700,18126,20743,38869
3486.0,Schermerhorn St & Bond St,40.68841742754083,-73.98451656103134,2017-09-01,2019-07-31,36047003700,18126,20743,38869
406.0,Hicks St & Montague St,40.69512845,-73.99595065,2013-06-01,2019-07-31,36047000301,22906,22598,45504
3180.0,Brooklyn Bridge Park - Pier 2,40.69878,-73.99712,2015-07-01,2018-09-30,36047000301,22906,22598,45504
318.0,E 43 St & Vanderbilt Ave,40.75320159,-73.9779874,2013-06-01,2015-10-31,36061009400,41608,37788,79396
3233.0,E 48 St & 5 Ave,40.75724567911726,-73.97805914282799,2015-10-01,2019-07-31,36061009400,41608,37788,79396
258.0,DeKalb Ave & Vanderbilt Ave,40.68940747,-73.96885458,2013-06-01,2019-07-31,36047019700,21515,17502,39017
420.0,Clermont Ave & Lafayette Ave,40.68764484,-73.96968902,2013-06-01,2019-07-31,36047019700,21515,17502,39017
508.0,W 46 St & 11 Ave,40.76341379,-73.99667444,2013-06-01,2019-07-31,36061012900,32669,32761,65430
223.0,W 13 St & 7 Ave,40.73781509,-73.99994661,2013-06-01,2019-07-31,36061007100,66118,67815,133933
383.0,Greenwich Ave & Charles St,40.735238,-74.000271,2013-06-01,2019-07-31,36061007100,66118,67815,133933
2009.0,Catherine St & Monroe St,40.71117444,-73.99682619,2013-06-01,2019-07-31,36061002500,25546,24588,50134
82.0,St James Pl & Pearl St,40.71117416,-74.00016545,2013-06-01,2019-07-31,36061002500,25546,24588,50134
266.0,Avenue D & E 8 St,40.72368361,-73.97574813,2013-06-01,2019-07-31,36061002400,23428,22216,45644
339.0,Avenue D & E 12 St,40.72580614,-73.97422494,2013-06-01,2019-07-31,36061002400,23428,22216,45644
391.0,Clark St & Henry St,40.69760127,-73.99344559,2013-06-01,2019-07-31,36047000501,22971,19345,42316
395.0,Bond St & Schermerhorn St,40.68807003,-73.98410637,2013-06-01,2017-09-30,36047004100,16240,16477,32717
3410.0,Dean St & Hoyt St,40.686444200000004,-73.98759104,2016-08-30,2019-07-31,36047004100,16240,16477,32717
411.0,E 6 St & Avenue D,40.72228087,-73.97668709,2013-06-01,2019-07-31,36061002000,36361,36658,73019
302.0,Avenue D & E 3 St,40.72082834,-73.97793172,2013-06-01,2019-07-31,36061002000,36361,36658,73019
419.0,Carlton Ave & Park Ave,40.69580705,-73.97355569,2013-06-01,2019-07-31,36047018501,7653,7873,15526
174.0,E 25 St & 1 Ave,40.7381765,-73.97738662,2013-06-01,2019-07-31,36061006200,35883,35676,71559
545.0,E 23 St & 1 Ave,40.736502,-73.97809472,2013-06-01,2019-07-31,36061006000,48619,49136,97755
119.0,Park Ave & St Edwards St,40.69608941,-73.97803415,2013-06-01,2019-07-31,36047002901,2567,2918,5485
373.0,Willoughby Ave & Walworth St,40.69331716,-73.95381995,2013-06-01,2019-07-31,36047024100,4309,4530,8839
314.0,Montague St & Clinton St,40.69424674,-73.99215922,2013-06-01,2019-07-31,36047000900,46345,44500,90845
3246.0,Montague St & Clinton St,40.694281141397326,-73.99230033159256,2016-03-01,2017-02-28,36047000900,46345,44500,90845
3242.0,Schermerhorn St & Court St,40.69102925677968,-73.99183362722397,2015-12-01,2019-07-31,36047000900,46345,44500,90845
3402.0,Court St & State St,40.6902375,-73.99203074,2016-08-26,2019-07-31,36047000900,46345,44500,90845
282.0,Kent Ave & S 11 St,40.70827295,-73.96834101,2013-06-01,2019-07-31,36047054700,16035,15248,31283
443.0,Bedford Ave & S 9th St,40.70853074,-73.96408963,2013-06-01,2019-07-31,36047054700,16035,15248,31283
407.0,Henry St & Poplar St,40.700469,-73.991454,2013-06-01,2019-05-31,36047000100,13295,11321,24616
216.0,Columbia Heights & Cranberry St,40.70037867,-73.99548059,2013-06-01,2019-07-31,36047000100,13295,11321,24616
270.0,Adelphi St & Myrtle Ave,40.69308257,-73.97178913,2013-06-01,2019-07-31,36047018300,13530,13269,26799
344.0,Monroe St & Bedford Ave,40.6851443,-73.95380904,2013-06-01,2019-07-31,36047024300,8731,8504,17235
150.0,E 2 St & Avenue C,40.720873600000004,-73.98085795,2013-06-01,2019-07-31,36061002202,24162,23398,47560
397.0,Fulton St & Clermont Ave,40.68415748,-73.96922273,2013-06-01,2019-07-31,36047017900,7801,6989,14790
289.0,Monroe St & Classon Ave,40.684568299999995,-73.95881081,2013-06-01,2019-07-31,36047022900,5993,3879,9872
322.0,Clinton St & Tillary St,40.696191999999996,-73.991218,2013-06-01,2018-11-30,36047000502,8362,7408,15770
398.0,Atlantic Ave & Furman St,40.69165183,-73.99997859999998,2013-06-01,2019-07-31,36047004700,29455,31206,60661
3422.0,Columbia St & Degraw St,40.6859296,-74.00242364,2016-08-22,2019-07-31,36047004700,29455,31206,60661
3311.0,Columbia St & Kane St,40.68763155,-74.0016256,2016-08-22,2019-07-31,36047004700,29455,31206,60661
437.0,Macon St & Nostrand Ave,40.6809833854,-73.9500479759,2013-06-01,2019-07-31,36047024500,13757,13872,27629
242.0,Flushing Ave & Carlton Ave,40.69788349,-73.97350332,2013-06-01,2019-07-31,36047021100,11479,12917,24396
3101.0,N 12 St & Bedford Ave,40.72079821,-73.95484712,2015-08-01,2019-07-31,36047051700,59033,60107,119140
3090.0,N 8 St & Driggs Ave,40.71774592,-73.95600096,2015-08-01,2018-11-30,36047051700,59033,60107,119140
3107.0,Bedford Ave & Nassau Ave,40.72311651,-73.95212324,2015-08-01,2019-07-31,36047051700,59033,60107,119140
3066.0,Tompkins Ave & Hopkins St,40.69957608,-73.94708417,2015-08-01,2019-07-31,36047025700,4384,4452,8836
3118.0,McGuinness Blvd & Eagle St,40.73555,-73.95284000000002,2015-08-01,2019-07-31,36047057500,26626,26413,53039
3113.0,Greenpoint Ave & Manhattan Ave,40.730259999999994,-73.95394,2015-08-01,2019-07-31,36047057500,26626,26413,53039
3145.0,E 84 St & Park Ave,40.77862688,-73.95772073,2015-09-01,2019-07-31,36061014000,34337,32088,66425
3154.0,E 77 St & 3 Ave,40.77314236,-73.95856158,2015-11-01,2019-07-31,36061014000,34337,32088,66425
3144.0,E 81 St & Park Ave,40.77677702,-73.95900970000002,2015-09-01,2019-06-30,36061014000,34337,32088,66425
3146.0,E 81 St & 3 Ave,40.77573034,-73.9567526,2015-09-01,2019-07-31,36061014000,34337,32088,66425
3067.0,Broadway & Whipple St,40.7016657,-73.9437303,2015-08-01,2019-07-31,36047050700,8804,8785,17589
3065.0,Union Ave & Wallabout St,40.70029511,-73.95032283,2015-08-01,2019-07-31,36047050700,8804,8785,17589
3178.0,Riverside Dr & W 78 St,40.78414472,-73.98362492,2015-09-01,2019-07-31,36061016300,32962,30767,63729
3166.0,Riverside Dr & W 72 St,40.78057799010335,-73.98562431335448,2015-09-01,2019-07-31,36061016300,32962,30767,63729
3111.0,Norman Ave & Leonard St,40.725848299999996,-73.95064893,2015-08-01,2017-07-31,36047057300,8508,8537,17045
3476.0,Norman Ave & Leonard St,40.725769967272136,-73.9507395029068,2017-07-01,2017-11-30,36047057300,8508,8537,17045
3158.0,W 63 St & Broadway,40.77163851,-73.98261428,2015-08-01,2019-07-31,36061014900,37691,34552,72243
3147.0,E 85 St & 3 Ave,40.77801203,-73.95407149,2015-09-01,2019-02-28,36061014601,30254,30114,60368
3171.0,Amsterdam Ave & W 82 St,40.78524672,-73.97667321,2015-10-01,2019-07-31,36061016900,43445,40746,84191
3170.0,W 84 St & Columbus Ave,40.78499979,-73.97283406,2015-09-01,2019-07-31,36061016900,43445,40746,84191
3052.0,Lewis Ave & Madison St,40.686312,-73.935775,2015-08-01,2019-07-31,36047027700,10866,10370,21236
3050.0,Putnam Ave & Throop Ave,40.6851532,-73.94111,2015-08-01,2019-07-31,36047027700,10866,10370,21236
3041.0,Kingston Ave & Herkimer St,40.67890679,-73.94142771,2015-08-01,2019-07-31,36047027100,3786,3592,7378
3238.0,E 80 St & 2 Ave,40.77391390238118,-73.9543953537941,2015-12-01,2018-02-28,36061013800,25877,25482,51359
3148.0,E 84 St & 1 Ave,40.77565541,-73.95068615,2015-09-01,2019-07-31,36061013800,25877,25482,51359
3149.0,E 82 St & 2 Ave,40.77517793,-73.95324922,2015-09-01,2015-11-30,36061013800,25877,25482,51359
3095.0,Graham Ave & Herbert St,40.71929301,-73.94500379,2015-08-01,2019-07-31,36047047700,14701,14637,29338
3430.0,Richardson St & N Henry St,40.71907891179564,-73.94223690032959,2016-09-01,2019-07-31,36047047700,14701,14637,29338
3097.0,N Henry St & Richardson St,40.71921585,-73.94244690000002,2015-08-01,2016-05-31,36047047700,14701,14637,29338
3155.0,Lexington Ave & E 63 St,40.76440023,-73.96648977,2015-10-01,2019-07-31,36061011402,15007,14723,29730
3140.0,1 Ave & E 78 St,40.77140426,-73.9535166,2015-09-01,2019-07-31,36061013400,66148,65631,131779
3135.0,E 75 St & 3 Ave,40.77112927,-73.95772297,2015-09-01,2019-07-31,36061013400,66148,65631,131779
3370.0,E 78 St & 2 Ave,40.7727966,-73.95577801,2016-09-01,2019-07-31,36061013400,66148,65631,131779
3438.0,E 76 St & 3 Ave,40.772248537721744,-73.95842134952545,2016-11-01,2018-09-30,36061013400,66148,65631,131779
3157.0,East End Ave & E 86 St,40.77518615,-73.94446054,2015-10-01,2019-07-31,36061014402,18647,18643,37290
3290.0,E 89 St & York Ave,40.7779453,-73.94604100000002,2016-08-04,2019-07-31,36061014402,18647,18643,37290
3138.0,E 77 St & Park Ave,40.774405455003,-73.96175265312193,2015-12-01,2016-09-30,36061013000,25386,24268,49654
3139.0,E 72 St & Park Ave,40.77118287540658,-73.96409422159195,2015-09-01,2019-07-31,36061013000,25386,24268,49654
3378.0,E 76 St & Park Ave,40.773763,-73.96222088,2016-09-01,2019-07-31,36061013000,25386,24268,49654
3167.0,Amsterdam Ave & W 73 St,40.779668090073116,-73.98093044757842,2015-09-01,2019-07-31,36061015900,66887,64708,131595
3175.0,W 70 St & Amsterdam Ave,40.77748046,-73.98288594,2015-09-01,2019-07-31,36061015900,66887,64708,131595
3142.0,1 Ave & E 62 St,40.761227399999996,-73.96094022,2015-09-01,2019-07-31,36061011000,55060,53063,108123
3134.0,3 Ave & E 62 St,40.76312584,-73.96526895,2015-09-01,2019-07-31,36061011000,55060,53063,108123
3103.0,N 11 St & Wythe Ave,40.72153267,-73.95782357,2015-08-01,2018-05-31,36047055700,36578,38380,74958
3016.0,Kent Ave & N 7 St,40.72036775298455,-73.96165072917937,2015-08-01,2019-07-31,36047055700,36578,38380,74958
3104.0,Kent Ave & N 7 St,40.72057658,-73.96150225,2015-08-01,2016-03-31,36047055700,36578,38380,74958
3014.0,E.T. Bike-In Movie Valet Station ,40.722852,-73.959114,2013-06-01,2016-05-31,36047055700,36578,38380,74958
3064.0,Myrtle Ave & Lewis Ave,40.69681963,-73.93756926,2015-08-01,2019-07-31,36047028700,11039,10676,21715
3164.0,Columbus Ave & W 72 St,40.7770575,-73.97898475,2015-09-01,2019-07-31,36061015700,60818,50002,110820
3172.0,W 74 St & Columbus Ave,40.7785669,-73.97754961,2015-09-01,2019-07-31,36061015700,60818,50002,110820
3047.0,Halsey St & Tompkins Ave,40.68236870000001,-73.944118,2015-08-01,2019-07-31,36047026900,5515,5398,10913
3229.0,Marcy Ave & MacDonough St,40.68061768455451,-73.94624948501588,2015-10-07,2016-04-30,36047026900,5515,5398,10913
3062.0,Myrtle Ave & Marcy Ave,40.69539817,-73.94954908,2015-08-01,2019-07-31,36047025500,8119,8418,16537
3063.0,Nostrand Ave & Myrtle Ave,40.69527008,-73.95238108,2015-08-01,2019-07-31,36047025500,8119,8418,16537
3231.0,E 67 St & Park Ave,40.76780080148132,-73.96592080593109,2015-09-01,2019-07-31,36061012000,10648,10458,21106
3133.0,E 67 St & Park Ave,40.76735637,-73.96493528,2015-08-31,2015-09-30,36061012000,10648,10458,21106
3161.0,W 76 St & Columbus Ave,40.7801839724239,-73.97728532552719,2015-10-01,2019-07-31,36061016100,22450,18572,41022
3105.0,N 15 St & Wythe Ave,40.724055,-73.955736,2015-08-01,2019-07-31,36047056100,33978,34151,68129
3109.0,Banker St & Meserole Ave,40.72606,-73.95621,2015-08-01,2019-07-31,36047056100,33978,34151,68129
3110.0,Meserole Ave & Manhattan Ave,40.72708584,-73.95299117,2015-08-01,2019-07-31,36047056100,33978,34151,68129
3131.0,E 68 St & 3 Ave,40.76712840349542,-73.96224617958069,2016-04-01,2019-07-31,36061011800,74650,73023,147673
3141.0,1 Ave & E 68 St,40.76500525,-73.95818491,2015-09-01,2019-07-31,36061011800,74650,73023,147673
3376.0,E 65 St & 2 Ave,40.76471851944339,-73.96222069859505,2016-09-01,2019-07-31,36061011800,74650,73023,147673
3264.0,E 61 St & Park Ave,40.76421007169064,-73.96910458803177,2016-07-01,2017-03-29,36061011401,20266,19204,39470
3132.0,E 59 St & Madison Ave,40.76350532,-73.97109243,2015-09-01,2019-07-31,36061011401,20266,19204,39470
3226.0,W 82 St & Central Park West,40.78275,-73.97137,2015-09-01,2019-07-31,36061016500,16718,14464,31182
3119.0,Vernon Blvd & 50 Ave,40.74232744,-73.95411749,2015-08-01,2019-07-31,36081000700,41708,42254,83962
3122.0,48 Ave & 5 St,40.74436328706688,-73.95587325096129,2015-10-01,2019-07-31,36081000700,41708,42254,83962
3121.0,Jackson Ave & 46 Rd,40.74524768,-73.94733276,2015-08-01,2019-07-31,36081000700,41708,42254,83962
3125.0,45 Rd & 11 St,40.74708586,-73.94977234,2015-08-01,2019-07-31,36081000700,41708,42254,83962
3611.0,Vernon Blvd & 47 Rd,40.7449067,-73.9534573,2017-10-01,2019-07-31,36081000700,41708,42254,83962
3156.0,E 72 St & York Ave,40.76663814,-73.95348296,2015-09-01,2019-07-31,36061012400,59626,58598,118224
3372.0,E 74 St & 1 Ave,40.7689738,-73.95482273,2016-09-01,2019-07-31,36061012400,59626,58598,118224
3447.0,E 71 St & 1 Ave,40.76703432309872,-73.95622730255127,2017-02-01,2018-06-30,36061012400,59626,58598,118224
3129.0,Queens Plaza North & Crescent St,40.75110165,-73.94073717,2015-08-01,2019-07-31,36081003300,19278,19241,38519
3555.0,28 St & 41 Ave,40.751047,-73.93796999999998,2017-10-01,2019-07-31,36081003300,19278,19241,38519
3556.0,24 St & 41 Ave,40.752708500000004,-73.9397405,2017-09-01,2019-07-31,36081003300,19278,19241,38519
3563.0,28 St & 36 Ave,40.757186,-73.93271899999998,2017-09-01,2019-07-31,36081003300,19278,19241,38519
3625.0,28 St & 40 Ave,40.752575799999995,-73.9364281,2017-10-01,2018-10-31,36081003300,19278,19241,38519
3116.0,Huron St & Franklin St,40.732659999999996,-73.95826,2015-10-01,2019-07-31,36047056300,34403,34474,68877
3117.0,Franklin St & Dupont St,40.735640000000004,-73.95866,2015-08-01,2019-07-31,36047056300,34403,34474,68877
3115.0,India St & Manhattan Ave,40.73232194,-73.9550858,2015-08-01,2019-07-31,36047056300,34403,34474,68877
3114.0,India St & East River,40.73165141,-73.96161892,2015-08-01,2017-04-30,36047056300,34403,34474,68877
3151.0,E 81 St & York Ave,40.7728384,-73.94989233,2015-11-01,2019-07-31,36061013600,21588,21431,43019
3369.0,E 82 St & East End Ave,40.7724607,-73.9468208,2017-06-01,2019-07-31,36061013600,21588,21431,43019
3049.0,Cambridge Pl & Gates Ave,40.68488,-73.96304,2015-08-01,2019-07-31,36047020100,5699,5498,11197
3061.0,Throop Ave & Myrtle Ave,40.69622937,-73.94371094,2015-08-01,2019-07-31,36047025902,2871,2685,5556
3162.0,W 78 St & Broadway,40.78339981,-73.98093133,2015-10-01,2019-07-31,36061016700,40701,38758,79459
3360.0,Amsterdam Ave & W 79 St,40.7829391,-73.9786517,2016-09-01,2019-07-31,36061016700,40701,38758,79459
3081.0,Graham Ave & Grand St,40.711863,-73.944024,2015-08-01,2019-07-31,36047049500,16621,16221,32842
3083.0,Bushwick Ave & Powers St,40.71247661,-73.94100005,2015-08-01,2019-07-31,36047049500,16621,16221,32842
3152.0,3 Ave & E 71 St,40.76873687,-73.96119945,2016-06-01,2019-07-31,36061012600,10472,10061,20533
3153.0,E 71 St & 2 Ave,40.76817546742245,-73.95910263061523,2015-12-01,2019-01-31,36061012600,10472,10061,20533
3108.0,Nassau Ave & Russell St,40.72557000000001,-73.94434,2015-08-01,2019-07-31,36047059100,25738,25588,51326
3106.0,Driggs Ave & N Henry St,40.72325,-73.94308000000002,2015-08-01,2019-07-31,36047059100,25738,25588,51326
3087.0,Metropolitan Ave & Meeker Ave,40.71413311,-73.95234386,2015-08-01,2019-07-31,36047050100,15056,14898,29954
3089.0,Leonard St & Meeker Ave,40.717318403855785,-73.9482021331787,2015-11-01,2016-11-30,36047050100,15056,14898,29954
3456.0,Jackson St & Leonard St,40.716380319735606,-73.94821286201476,2017-03-01,2019-07-31,36047050100,15056,14898,29954
3127.0,9 St & 44 Rd,40.74966,-73.9521,2015-08-01,2019-07-31,36081001900,15514,15627,31141
3126.0,44 Dr & Jackson Ave,40.74718234,-73.9432635,2015-08-01,2019-07-31,36081001900,15514,15627,31141
3128.0,21 St & 43 Ave,40.75052534,-73.94594845,2015-08-01,2019-07-31,36081001900,15514,15627,31141
3606.0,49 Ave & 21 St,40.74252,-73.948852,2017-10-01,2019-07-31,36081001900,15514,15627,31141
3615.0,44 Dr & 21 St,40.74800000000001,-73.94609270000002,2017-10-01,2019-07-31,36081001900,15514,15627,31141
3618.0,27 St & Hunter St,40.7485,-73.941275,2017-10-01,2019-07-31,36081001900,15514,15627,31141
3620.0,11 St & 43 Ave,40.7519071,-73.94791190000002,2017-10-01,2019-07-31,36081001900,15514,15627,31141
3173.0,Riverside Blvd & W 67 St,40.777507027547976,-73.98888587951659,2015-10-01,2019-07-31,36061015500,22601,21973,44574
3150.0,E 85 St & York Ave,40.77536905,-73.94803392,2015-09-01,2019-07-31,36061014401,14649,14213,28862
3058.0,Lewis Ave & Kosciuszko St,40.69237074,-73.93705428,2015-08-01,2019-07-31,36047028100,7645,7250,14895
3059.0,Pulaski St & Marcus Garvey Blvd,40.693398200000004,-73.939877,2015-08-01,2019-07-31,36047028100,7645,7250,14895
3243.0,E 58 St & 1 Ave,40.75892386377695,-73.96226227283478,2016-01-01,2019-07-31,36061010601,16910,16071,32981
3082.0,Hope St & Union Ave,40.71167351,-73.95141312,2015-09-01,2019-07-31,36047051300,12039,11919,23958
3072.0,Leonard St & Boerum St,40.70583339,-73.94644578,2015-08-01,2019-07-31,36047051100,8651,8846,17497
3071.0,Boerum St & Broadway,40.70538077,-73.94976519,2015-08-01,2019-07-31,36047051100,8651,8846,17497
3177.0,W 84 St & Broadway,40.7867947,-73.977112,2015-09-01,2019-07-31,36061017100,33145,28383,61528
3169.0,Riverside Dr & W 82 St,40.78720869,-73.98128127,2015-09-01,2019-07-31,36061017100,33145,28383,61528
3080.0,S 4 St & Rodney St,40.70934000000001,-73.95608,2015-09-01,2019-07-31,36047052700,19232,18796,38028
3077.0,Stagg St & Union Ave,40.70877084,-73.95095259,2015-08-01,2019-07-31,36047052700,19232,18796,38028
530.0,11 Ave & W 59 St,40.771522,-73.99054100000002,2013-06-01,2019-07-31,36061015100,70462,69965,140427
3176.0,W 64 St & West End Ave,40.77452835,-73.98753759,2015-09-01,2018-07-31,36061015100,70462,69965,140427
3356.0,Amsterdam Ave & W 66 St,40.7746671,-73.98470567,2016-09-01,2019-07-31,36061015100,70462,69965,140427
3057.0,Kosciuszko St & Tompkins Ave,40.69128258,-73.9452416,2015-08-01,2019-07-31,36047026100,5674,5576,11250
3159.0,W 67 St & Broadway,40.77492513,-73.98266566,2015-09-01,2019-07-31,36061015300,34240,30907,65147
3076.0,Scholes St & Manhattan Ave,40.70870368,-73.9448625,2015-08-01,2019-07-31,36047050500,17754,17476,35230
3070.0,McKibbin St & Manhattan Ave,40.70510918,-73.94407279,2015-08-01,2019-07-31,36047050500,17754,17476,35230
3454.0,Leonard St & Maujer St,40.71036854235229,-73.94705951213838,2017-02-01,2019-07-31,36047050500,17754,17476,35230
3120.0,Center Blvd & Borden Ave,40.741609999999994,-73.96044,2015-08-01,2018-12-31,36081000100,15064,15213,30277
3124.0,46 Ave & 5 St,40.74731,-73.95451,2015-08-01,2019-07-31,36081000100,15064,15213,30277
3613.0,Center Blvd & 48 Ave,40.745038,-73.957539,2017-10-01,2019-07-31,36081000100,15064,15213,30277
3112.0,Milton St & Franklin St,40.72906,-73.95779,2015-08-01,2019-07-31,36047056500,27296,27436,54732
3469.0,India St & West St,40.73181401720966,-73.95995020866394,2017-06-01,2019-07-31,36047056500,27296,27436,54732
3074.0,Montrose Ave & Bushwick Ave,40.70767788,-73.94016171,2015-08-01,2019-07-31,36047049300,12155,12075,24230
3055.0,Greene Ave & Nostrand Ave,40.68833370000001,-73.950916,2015-08-01,2019-07-31,36047025100,4529,4166,8695
3098.0,Leonard St & Bayard St,40.71928,-73.94861,2015-08-01,2017-02-28,36047051500,35621,35548,71169
3099.0,Leonard St & Manhattan Ave,40.72152240339303,-73.94898265600203,2015-10-01,2016-12-31,36047051500,35621,35548,71169
3096.0,Union Ave & N 12 St,40.71924,-73.95241999999998,2015-11-01,2019-07-31,36047051500,35621,35548,71169
3102.0,Driggs Ave & Lorimer St,40.72179134,-73.95041540000003,2015-08-01,2019-07-31,36047051500,35621,35548,71169
3091.0,Frost St & Meeker St,40.71764,-73.94882,2015-08-01,2019-01-31,36047051500,35621,35548,71169
3452.0,Bayard St & Leonard St,40.71915571696044,-73.94885390996933,2017-02-01,2019-07-31,36047051500,35621,35548,71169
3086.0,Graham Ave & Conselyea St,40.715143,-73.944507,2015-08-01,2019-07-31,36047049700,25783,25619,51402
3094.0,Graham Ave & Withers St,40.7169811,-73.94485918,2015-08-01,2019-07-31,36047049700,25783,25619,51402
3042.0,Fulton St & Utica Ave,40.6794268,-73.92989109999998,2015-08-01,2019-07-31,36047029700,5169,5210,10379
3048.0,Putnam Ave & Nostrand Ave,40.684020000000004,-73.94977,2015-08-01,2019-07-31,36047024900,9120,8985,18105
3249.0,Verona Pl & Fulton St,40.680356084043396,-73.94767910242079,2016-04-01,2019-07-31,36047024900,9120,8985,18105
3068.0,Humboldt St & Varet St,40.7031724,-73.940636,2015-08-01,2019-07-31,36047048900,5383,5588,10971
3241.0,Monroe St & Tompkins Ave,40.686203000000006,-73.944694,2015-12-01,2019-07-31,36047026500,5618,5300,10918
3054.0,Greene Ave & Throop Ave,40.6894932,-73.942061,2015-08-01,2019-07-31,36047027900,4941,4803,9744
3100.0,Nassau Ave & Newell St,40.724812564400175,-73.94752621650694,2016-03-01,2019-07-31,36047057100,11313,11181,22494
3043.0,Lewis Ave & Decatur St,40.6814598,-73.934903,2015-08-01,2019-07-31,36047027300,4983,4918,9901
3044.0,Albany Ave & Fulton St,40.6800105,-73.938475,2015-08-01,2019-07-31,36047027300,4983,4918,9901
3079.0,Leonard St & Grand St,40.71103537,-73.94714303,2015-08-01,2016-12-31,36047050300,9785,9734,19519
3084.0,Devoe St & Leonard St,40.71348658,-73.94792458,2015-08-01,2016-12-31,36047050300,9785,9734,19519
3453.0,Devoe St & Lorimer St,40.71335226222875,-73.9491033554077,2017-02-01,2019-07-31,36047050300,9785,9734,19519
3237.0,21 St & 41 Ave,40.75383343437622,-73.94267678260802,2015-10-01,2017-02-28,36081002500,3523,3655,7178
3130.0,21 St & Queens Plaza North,40.75325964,-73.94335788,2015-08-01,2019-07-31,36081002500,3523,3655,7178
3123.0,31 St & Thomson Ave,40.74469738,-73.93540375,2015-08-01,2019-07-31,36081017900,2858,2887,5745
3078.0,Broadway & Roebling St,40.70925562,-73.95982218,2015-11-01,2019-07-31,36047052500,13626,12687,26313
3179.0,Park Ave & Marcus Garvey Blvd,40.698617,-73.941342,2015-08-01,2019-07-31,36047028501,2783,2675,5458
3046.0,Marcus Garvey Blvd & Macon St,40.682601,-73.938037,2015-08-01,2019-07-31,36047027500,4331,4356,8687
3056.0,Kosciuszko St & Nostrand Ave,40.69072549,-73.95133465,2015-08-01,2019-07-31,36047025300,4997,4928,9925
3053.0,Marcy Ave & Lafayette Ave,40.6900815,-73.94791500000002,2015-08-01,2019-07-31,36047026300,2693,2499,5192
3060.0,Willoughby Ave & Tompkins Ave,40.69425403,-73.94626915,2015-08-01,2019-07-31,36047025901,3744,3736,7480
3069.0,Lorimer St & Broadway,40.70411791,-73.94818595,2015-08-01,2019-07-31,36047050900,3197,3421,6618
3073.0,Division Ave & Hooper St,40.70691254,-73.95441667,2015-08-01,2018-07-31,36047052900,6605,6221,12826
3075.0,Division Ave & Marcy Ave,40.70708701,-73.95796783,2015-08-01,2019-07-31,36047052900,6605,6221,12826
3245.0,Kiosk in a box Motivate,40.646677898897856,-74.01630342006682,2016-07-01,2019-06-30,36047002000,758,655,1413
255.0,NYCBS Depot - SSP,40.646768,-74.01651,2013-06-01,2017-05-31,36047002000,758,655,1413
3239.0,Bressler,40.646538367096475,-74.0165877342224,2016-12-01,2018-12-10,36047002000,758,655,1413
3020.0,NYCBS Test,40.646606799999994,-74.01597,2013-06-01,2013-07-01,36047002000,758,655,1413
3221.0,47 Ave & 31 St,40.743,-73.93561,2015-09-01,2019-07-31,36081019900,3656,3696,7352
3647.0,48 Ave & 30 Pl,40.74128309355993,-73.93725872039794,2017-10-01,2019-07-31,36081019900,3656,3696,7352
3254.0,Soissons Landing,40.69231660719192,-74.01486575603484,2016-05-01,2019-07-31,36061000500,5555,5620,11175
3182.0,Yankee Ferry Terminal,40.686931,-74.016966,2015-08-01,2019-07-31,36061000500,5555,5620,11175
3479.0,Picnic Point,40.68512559515415,-74.02535319328308,2017-08-01,2019-07-31,36061000500,5555,5620,11175
3181.0,Soissons Landing,40.692609000000004,-74.016398,2015-08-03,2015-09-30,36061000500,5555,5620,11175
3285.0,W 87 St  & Amsterdam Ave,40.78839,-73.9747,2016-08-01,2019-07-31,36061017500,30612,28742,59354
3287.0,W 87 St & West End Ave,40.790261,-73.977131,2016-08-01,2016-09-30,36061017500,30612,28742,59354
3434.0,W 88 St & West End Ave,40.79025417330417,-73.97718340158461,2016-09-01,2019-07-31,36061017500,30612,28742,59354
3445.0,Riverside Dr & W 89 St,40.791811715010965,-73.9786022901535,2017-02-01,2017-07-31,36061017500,30612,28742,59354
3284.0,E 88 St & Park Ave,40.781410700190015,-73.95595908164978,2016-08-01,2019-07-31,36061014802,9000,8642,17642
3288.0,E 88 St & 1 Ave,40.778301,-73.9488134,2016-08-02,2019-07-31,36061014602,16186,16385,32571
3291.0,Riverside Dr & W 91 St,40.7933718,-73.97685115,2016-08-02,2016-09-30,36061017900,19636,18146,37782
3293.0,W 92 St & Broadway,40.7921,-73.9739,2016-09-01,2019-07-31,36061017900,19636,18146,37782
3437.0,Riverside Dr & W 91 St,40.79313480986664,-73.97700369358063,2017-07-01,2019-07-31,36061017900,19636,18146,37782
3286.0,E 89 St & 3 Ave,40.7806284,-73.9521667,2016-08-02,2019-07-31,36061015400,46756,47013,93769
3312.0,1 Ave & E 94 St,40.78172120000001,-73.94594000000002,2016-08-04,2019-07-31,36061015400,46756,47013,93769
3305.0,E 91 St & 2 Ave,40.781122299341654,-73.94965589046478,2016-08-08,2019-07-31,36061015400,46756,47013,93769
3296.0,E 93 St & 2 Ave,40.78245417527987,-73.94891962409021,2017-08-01,2019-07-31,36061015400,46756,47013,93769
3294.0,E 91 St & Park Ave,40.7835016,-73.955327,2016-08-03,2019-07-31,36061015002,9727,9201,18928
3301.0,Columbus Ave & W 95 St,40.7919557,-73.968087,2016-08-04,2019-07-31,36061018100,17724,16611,34335
3307.0,West End Ave & W 94 St,40.7941654,-73.974124,2016-08-05,2019-07-31,36061018300,30837,30004,60841
3314.0,W 95 St & Broadway,40.7937704,-73.971888,2016-08-05,2019-07-31,36061018300,30837,30004,60841
3336.0,E 97 St & Madison Ave,40.787801,-73.953559,2016-08-05,2019-07-31,36061016002,13840,13443,27283
3325.0,E 95 St & 3 Ave,40.7849032,-73.950503,2016-08-05,2018-05-31,36061015801,7178,7130,14308
3425.0,2 Ave  & E 104 St,40.789210499999996,-73.94370784,2016-08-06,2019-07-31,36061016400,13692,14061,27753
3327.0,3 Ave & E 100 St,40.787721399999995,-73.94728331,2016-08-09,2019-07-31,36061016400,13692,14061,27753
3338.0,2 Ave & E 99 St,40.786258600000004,-73.94552579,2016-09-01,2019-07-31,36061016400,13692,14061,27753
3320.0,Central Park West & W 100 St,40.793393,-73.96355559999998,2016-08-08,2019-07-31,36061018500,9779,8475,18254
3351.0,E 102 St & 1 Ave,40.7869946,-73.94164802,2016-08-08,2019-07-31,36061016200,17286,17682,34968
3391.0,E 106 St & 1 Ave,40.7892529,-73.93956237,2016-08-11,2019-07-31,36061016200,17286,17682,34968
3289.0,W 90 St & Amsterdam Ave,40.79017948095081,-73.97288918495178,2016-08-08,2019-07-31,36061017700,10631,9919,20550
3309.0,E 97 St & 3 Ave,40.7859201,-73.94860294,2016-08-09,2019-07-31,36061015602,3504,3519,7023
3350.0,W 100 St & Broadway,40.797372100000004,-73.97041192,2016-08-09,2019-07-31,36061018700,15853,15157,31010
3316.0,W 104 St & Amsterdam Ave,40.798993700000004,-73.96621737779999,2016-08-09,2018-06-30,36061018900,34532,33128,67660
3302.0,Columbus Ave & W 103 St,40.7969347,-73.9643412291,2016-08-09,2019-07-31,36061018900,34532,33128,67660
3323.0,W 106 St & Central Park West,40.798185600000004,-73.96059090060001,2016-08-11,2019-07-31,36061018900,34532,33128,67660
3328.0,W 100 St & Manhattan Ave,40.795,-73.9645,2016-09-01,2019-07-31,36061018900,34532,33128,67660
3345.0,Madison Ave & E 99 St,40.78948541553215,-73.9524292945862,2016-08-10,2019-07-31,36061016800,25496,25842,51338
3363.0,E 102 St & Park Ave,40.7904828,-73.95033068,2016-08-10,2019-07-31,36061016800,25496,25842,51338
3367.0,5 Ave & E 103 St,40.792255299999994,-73.95249933,2016-08-11,2019-07-31,36061016800,25496,25842,51338
3387.0,E 106 St & Madison Ave,40.79343370000001,-73.94945003,2016-08-12,2019-07-31,36061016800,25496,25842,51338
3357.0,W 106 St & Amsterdam Ave,40.80083629999999,-73.9664492472,2016-08-11,2019-07-31,36061019500,40543,38374,78917
3366.0,West End Ave & W 107 St,40.8021174,-73.9681805305,2016-08-16,2019-07-31,36061019500,40543,38374,78917
3383.0,Cathedral Pkwy & Broadway,40.804213,-73.96699104,2016-08-23,2019-07-31,36061019500,40543,38374,78917
3343.0,W 107 St & Columbus Ave,40.7997568,-73.9621128676,2016-08-11,2019-07-31,36061019300,7184,6872,14056
3390.0,E 109 St & 3 Ave,40.79329668,-73.9432083,2016-08-12,2019-07-31,36061017000,6871,7121,13992
3400.0,E 110 St & Madison Ave,40.796153499999996,-73.94782145,2016-08-12,2019-07-31,36061017401,9790,10208,19998
3379.0,E 103 St & Lexington Ave,40.79030510000001,-73.94755757,2016-08-16,2019-07-31,36061016600,7395,7646,15041
3642.0,E 98 St & Lexington Ave,40.787285198609524,-73.95012259483337,2017-10-01,2018-03-31,36061016600,7395,7646,15041
3331.0,Riverside Dr & W 104 St,40.8013434,-73.97114574390001,2016-08-16,2019-07-31,36061019100,10350,9787,20137
3408.0,Congress St & Clinton St,40.6881529,-73.99520919,2016-08-18,2019-07-31,36047004500,20137,19436,39573
3308.0,Kane St & Clinton St,40.686175799999994,-73.99645295,2016-08-25,2019-07-31,36047004500,20137,19436,39573
3411.0,Bond St & Bergen St,40.6849668,-73.98620772,2016-08-18,2019-07-31,36047007100,12115,12189,24304
3421.0,Hoyt St & Warren St,40.6843549,-73.98901629,2016-08-29,2018-11-30,36047007100,12115,12189,24304
3413.0,Wyckoff St & 3 Ave,40.6827549,-73.98258555,2016-08-18,2019-07-31,36047012700,6201,6107,12308
3416.0,7 Ave & Park Pl,40.67761470000001,-73.97324283,2016-08-19,2019-07-31,36047016100,22143,21714,43857
3415.0,Prospect Pl & 6 Ave,40.6793307,-73.97519523,2016-08-19,2019-07-31,36047016100,22143,21714,43857
3419.0,Douglass St & 4 Ave,40.67927879999999,-73.98154004,2016-08-20,2019-07-31,36047013100,16133,16144,32277
3339.0,Berkeley Pl & 6 Ave,40.6765304,-73.97846879,2016-08-24,2019-07-31,36047013100,16133,16144,32277
3420.0,Douglass St & 3 Ave,40.6802133,-73.98432695,2016-08-22,2019-07-31,36047011900,32127,33002,65129
3373.0,3 St & 3 Ave,40.675070500000004,-73.98775226,2016-08-24,2019-07-31,36047011900,32127,33002,65129
3399.0,7 St & 3 Ave,40.67260298150126,-73.98983001708984,2016-09-01,2019-07-31,36047011900,32127,33002,65129
3407.0,Union St & Nevins St,40.67909799721684,-73.98765474557877,2016-10-01,2019-07-31,36047011900,32127,33002,65129
3303.0,Butler St & Court St,40.6849894,-73.99440329,2016-08-22,2019-07-31,36047006900,44856,44489,89345
3298.0,Warren St & Court St,40.686371,-73.99383324,2016-08-29,2019-07-31,36047006900,44856,44489,89345
3409.0,Bergen St & Smith St,40.686744299999994,-73.99063168,2016-09-01,2019-07-31,36047006900,44856,44489,89345
3321.0,Clinton St & Union St,40.683116399999996,-73.99785267,2016-08-22,2019-07-31,36047006700,15289,15006,30295
3388.0,President St & Henry St,40.6828003,-73.99990419,2016-08-29,2019-07-31,36047006700,15289,15006,30295
3335.0,Union St & 4 Ave,40.6772744,-73.98282002,2016-08-23,2019-07-31,36047013300,20129,20653,40782
3364.0,Carroll St & 5 Ave,40.6751622,-73.9814832,2016-08-29,2019-07-31,36047013300,20129,20653,40782
3389.0,Carroll St & Columbia St,40.6830456,-74.00348559,2016-08-23,2019-07-31,36047005100,8212,8206,16418
3393.0,Richards St & Delavan St,40.67943270000001,-74.00785041,2016-08-23,2019-07-31,36047005900,11792,12378,24170
3392.0,Commerce St & Van Brunt St,40.68121170000001,-74.00860912,2016-08-23,2019-07-31,36047005900,11792,12378,24170
3395.0,Henry St & W 9 St,40.6763744,-74.00324957,2016-08-24,2019-07-31,36047005900,11792,12378,24170
3344.0,Pioneer St & Van Brunt St,40.679043,-74.011169,2016-09-01,2019-07-31,36047005900,11792,12378,24170
3315.0,Henry St & Degraw St,40.684751399999996,-73.99917254,2016-08-24,2019-07-31,36047006300,12767,12514,25281
3403.0,4 Ave & 9 St,40.6705135,-73.98876585,2016-08-24,2019-07-31,36047012100,11083,11601,22684
3401.0,2 Ave & 9 St,40.6724811,-73.99331394,2016-08-24,2019-05-31,36047012100,11083,11601,22684
3398.0,Smith St & 9 St,40.67469570000001,-73.99785768,2016-08-24,2019-07-31,36047007700,36479,35877,72356
3397.0,Court St & Nelson St,40.6763947,-73.99869893,2016-08-30,2019-07-31,36047007700,36479,35877,72356
3377.0,Carroll St & Bond St,40.6786115,-73.99037292,2016-09-01,2019-07-31,36047007700,36479,35877,72356
3381.0,3 St & Hoyt St,40.6777287,-73.99364123,2016-09-01,2019-07-31,36047007700,36479,35877,72356
3384.0,Smith St & 3 St,40.67872420000001,-73.99599099,2016-09-01,2019-07-31,36047007700,36479,35877,72356
3396.0,Clinton St & 4 Place,40.6783563,-74.00014502,2016-08-24,2019-07-31,36047006500,15672,15194,30866
3386.0,1 Pl & Clinton St,40.6809591,-73.99905709,2016-08-30,2019-07-31,36047006500,15672,15194,30866
3368.0,5 Ave & 3 St,40.67281550000001,-73.98352355,2016-08-25,2019-07-31,36047013500,17160,17352,34512
3371.0,4 Ave & 2 St,40.674613422475815,-73.98501142859459,2016-12-01,2019-04-30,36047013500,17160,17352,34512
3405.0,5 St & 6 Ave,40.670483600000004,-73.98208968,2016-08-25,2019-07-31,36047013700,11393,11331,22724
3404.0,7 St & 5 Ave,40.67049220000001,-73.98541675,2016-08-25,2019-07-31,36047013700,11393,11331,22724
3304.0,6 Ave & 9 St,40.668127,-73.98377641,2016-08-25,2019-07-31,36047015300,14712,14034,28746
3297.0,6 St & 7 Ave,40.66866270000001,-73.97988067,2016-08-25,2019-07-31,36047015300,14712,14034,28746
3310.0,14 St & 7 Ave,40.663779,-73.98396846,2016-08-25,2019-07-31,36047014900,8204,7787,15991
3306.0,10 St & 7 Ave,40.666207799999995,-73.98199886,2016-08-25,2019-07-31,36047015100,7959,7473,15432
3313.0,6 Ave & 12 St,40.66631810000001,-73.9854617,2016-08-26,2019-07-31,36047013900,10232,9965,20197
3317.0,10 St & 5 Ave,40.6686273,-73.98700053,2016-08-27,2019-07-31,36047013900,10232,9965,20197
3322.0,12 St & 4 Ave,40.668603000000004,-73.99043940000001,2016-08-26,2019-07-31,36047011700,8493,9410,17903
3324.0,3 Ave & 14 St,40.6685455,-73.99333264,2016-08-29,2019-07-31,36047011700,8493,9410,17903
3432.0,NYCBS Depot - GOW,40.66906013501107,-73.99463653564453,2016-09-01,2019-06-30,36047011700,8493,9410,17903
3333.0,Columbia St & Lorraine St,40.6747055,-74.00755720000002,2016-08-26,2019-07-31,36047008500,3555,4761,8316
3394.0,Columbia St & W 9 St,40.6769993,-74.00647134,2016-08-30,2019-07-31,36047008500,3555,4761,8316
3342.0,Pioneer St & Richards St,40.677774799999995,-74.0094613,2016-08-31,2019-07-31,36047008500,3555,4761,8316
3330.0,Henry St & Bay St,40.672505799999996,-74.00494695,2016-08-27,2019-07-31,36047005300,23110,25170,48280
3326.0,Clinton St & Centre St,40.67434,-74.00194698,2016-08-30,2019-07-31,36047005300,23110,25170,48280
3340.0,Wolcott St & Dwight St,40.6753274,-74.0100698,2016-08-30,2019-07-31,36047005300,23110,25170,48280
3353.0,Reed St & Van Brunt St,40.6747844,-74.01612847,2016-08-31,2017-08-28,36047005300,23110,25170,48280
3337.0,Dwight St & Van Dyke St,40.67363551341504,-74.01195555925368,2017-02-01,2019-07-31,36047005300,23110,25170,48280
3347.0,Van Brunt St & Wolcott St,40.6773429,-74.01275056,2016-09-01,2019-07-31,36047005300,23110,25170,48280
3348.0,Coffey St & Conover St,40.677236,-74.015665,2016-09-01,2019-07-31,36047005300,23110,25170,48280
3352.0,Sigourney St & Columbia St,40.67267243410948,-74.00879524648191,2017-01-01,2019-07-31,36047005300,23110,25170,48280
3644.0,Van Dyke St & Van Brunt St,40.67581622522832,-74.01488184928894,2017-10-01,2018-05-31,36047005300,23110,25170,48280
3329.0,Degraw St & Smith St,40.6829151,-73.99318208,2016-08-30,2019-07-31,36047007500,24721,24466,49187
3382.0,Carroll St & Smith St,40.680611,-73.99475825,2016-08-30,2019-07-31,36047007500,24721,24466,49187
3332.0,Degraw St & Hoyt St,40.68199044270703,-73.99079024791719,2016-09-01,2019-07-31,36047007500,24721,24466,49187
3300.0,Prospect Park West & 8 St,40.66514681533792,-73.97637605667114,2016-08-30,2019-07-31,36047017700,34901,32039,66940
3354.0,3 St & Prospect Park West,40.668132,-73.97363831,2016-09-01,2019-07-31,36047017700,34901,32039,66940
3423.0,West Drive & Prospect Park West,40.6610633719006,-73.97945255041121,2016-09-01,2019-07-31,36047017700,34901,32039,66940
3583.0,Eastern Pkwy & Washington Ave,40.6716493,-73.9631145,2017-10-01,2019-07-31,36047017700,34901,32039,66940
3253.0,Bike The Branches - Central Branch,40.67280641227746,-73.96886587142943,2016-05-01,2017-05-20,36047017700,34901,32039,66940
3361.0,Carroll St & 6 Ave,40.6740886,-73.9787282,2016-08-30,2019-07-31,36047015700,17880,17519,35399
3358.0,Garfield Pl & 8 Ave,40.671197799999995,-73.97484126,2016-09-01,2019-07-31,36047015700,17880,17519,35399
3283.0,W 89 St & Columbus Ave,40.7882213,-73.97041561,2016-09-01,2019-07-31,36061017300,14928,12589,27517
3318.0,2 Ave & E 96 St,40.7839636,-73.94716729999998,2017-02-01,2019-07-31,36061015601,15593,15984,31577
3319.0,14 St & 5 Ave,40.666287,-73.98895053,2016-09-01,2019-07-31,36047014100,7904,7760,15664
3346.0,Berkeley Pl & 7 Ave,40.675146838709786,-73.9752320945263,2016-10-01,2019-07-31,36047015900,49395,45744,95139
3349.0,Grand Army Plaza & Plaza St West,40.6729679,-73.97087984,2016-09-01,2019-07-31,36047015900,49395,45744,95139
3418.0,Plaza St West & Flatbush Ave,40.67502070000001,-73.97111473,2016-09-01,2019-07-31,36047015900,49395,45744,95139
3355.0,E 66 St & Madison Ave,40.768008893059466,-73.96845281124116,2016-09-01,2019-07-31,36061012200,13302,13027,26329
3359.0,E 68 St & Madison Ave,40.7691572,-73.96703464,2016-09-01,2019-07-31,36061012200,13302,13027,26329
3362.0,Madison Ave & E 82 St,40.7781314,-73.96069399,2016-09-01,2019-07-31,36061014200,11634,10280,21914
3365.0,3 St & 7 Ave,40.67038370000001,-73.97839676,2016-09-01,2019-07-31,36047015500,10553,10189,20742
3375.0,3 Ave & E 72 St,40.7699426,-73.96060712,2016-09-01,2019-07-31,36061012800,8290,8002,16292
3412.0,Pacific St & Nevins St,40.6853761,-73.98302136,2016-09-01,2019-07-31,36047003900,12580,12524,25104
3455.0,Schermerhorn St & 3 Ave,40.68680820503432,-73.98036181926726,2017-03-01,2018-06-30,36047003900,12580,12524,25104
3414.0,Bergen St & Flatbush Ave,40.680944723477296,-73.97567331790923,2016-09-01,2019-07-31,36047012902,10452,10302,20754
3424.0,E 106 St & Lexington Ave,40.791976,-73.945993,2016-09-01,2019-07-31,36061017200,4517,4744,9261
3502.0,Lexington Ave & E 111 St,40.79541210000001,-73.9441232,2017-09-01,2019-07-31,36061017200,4517,4744,9261
3449.0,Eckford St & Engert Ave,40.72146256229816,-73.94800901412964,2017-03-01,2019-07-31,36047049900,3778,3748,7526
3457.0,E 58 St & Madison Ave,40.763025942805186,-73.97209525108337,2017-04-01,2019-05-31,36061011202,5386,5575,10961
3477.0,39 St & 2 Ave - Citi Bike HQ at Industry City,40.65539977447831,-74.01062786579129,2017-07-01,2019-07-31,36047001800,3118,3479,6597
3478.0,2 Ave & 36 St - Citi Bike HQ at Industry City,40.65708866668485,-74.00870203971863,2017-07-01,2019-07-31,36047001800,3118,3479,6597
3490.0,E 116 St & 2 Ave,40.796879,-73.93726099999998,2017-09-01,2019-07-31,36061018800,1701,1704,3405
3491.0,E 118 St & 1 Ave,40.797470000000004,-73.93504,2017-10-01,2019-07-31,36061018800,1701,1704,3405
3493.0,E 118 St & 3 Ave,40.799139000000004,-73.9389152,2017-09-01,2019-07-31,36061018800,1701,1704,3405
3492.0,E 118 St & Park Ave,40.8005385,-73.9419949,2017-09-01,2019-07-31,36061018200,1045,1069,2114
3494.0,E 115 St & Lexington Ave,40.797911,-73.9423,2017-09-01,2019-07-31,36061018200,1045,1069,2114
3495.0,E 114 St & 1 Ave,40.79456629999999,-73.9362541,2017-09-01,2019-07-31,36061017800,3069,3103,6172
3497.0,Pleasant Ave & E 116 St,40.794987899999995,-73.9333349,2017-09-01,2019-07-31,36061017800,3069,3103,6172
3496.0,1 Ave & E 110 St,40.7923272,-73.9383,2017-09-01,2019-07-31,36061018000,2084,2124,4208
3551.0,3 Ave & E 112 St,40.795508,-73.94160600000002,2017-09-01,2019-07-31,36061018000,2084,2124,4208
3498.0,Pleasant Ave & E 120 St,40.7974772,-73.9311847,2017-10-01,2019-07-31,36061019200,190,203,393
3499.0,2 Ave & E 122 St,40.8006721,-73.9349,2017-09-01,2019-07-31,36061019400,518,533,1051
3500.0,E 115 St & Madison Ave,40.7989445,-73.944846,2017-09-01,2019-07-31,36061018400,1186,1213,2399
3501.0,E 118 St & Madison Ave,40.801486600000004,-73.9442507,2017-09-01,2019-07-31,36061018400,1186,1213,2399
3503.0,Madison Ave & E 120 St,40.80295,-73.942954,2017-09-01,2019-07-31,36061019800,4260,4247,8507
3507.0,Park Ave & E 124 St,40.8045555,-73.93968609999997,2017-09-01,2019-07-31,36061019800,4260,4247,8507
3527.0,5 Ave & E 126 St,40.806979999999996,-73.94174699999998,2017-10-01,2019-07-31,36061019800,4260,4247,8507
3535.0,Mt Morris Park W & W 120 St,40.804038,-73.945925,2017-09-01,2019-07-31,36061019800,4260,4247,8507
3504.0,E 123 St & Lexington Ave,40.802926299999996,-73.9379,2017-09-01,2019-07-31,36061019600,951,942,1893
3506.0,Lexington Ave & E 120 St,40.8013066,-73.93981670000002,2017-09-01,2019-07-31,36061019600,951,942,1893
3505.0,Lexington Ave & E 127 St,40.805726,-73.936322,2017-11-01,2019-07-31,36061024200,47,41,88
3508.0,St Nicholas Ave & Manhattan Ave,40.809725,-73.953149,2017-09-01,2019-07-31,36061025700,1728,1784,3512
3509.0,Lenox Ave & W 115 St,40.8011939,-73.9500739,2017-09-01,2019-07-31,36061018600,1948,2062,4010
3510.0,Adam Clayton Powell Blvd & W 123 St,40.8078316,-73.949373,2017-09-01,2019-07-31,36061022200,3427,3471,6898
3518.0,Lenox Ave & W 126 St,40.808442,-73.94520870000002,2017-09-01,2019-07-31,36061022200,3427,3471,6898
3511.0,Adam Clayton Powell Blvd & W 115 St,40.802535,-73.9532423,2017-09-01,2019-07-31,36061021800,3447,3513,6960
3520.0,Adam Clayton Powell Blvd & W 118 St,40.804372,-73.951475,2017-10-01,2019-07-31,36061021800,3447,3513,6960
3534.0,Frederick Douglass Blvd & W 117 St,40.805159,-73.95469200000002,2017-10-01,2019-07-31,36061021800,3447,3513,6960
3512.0,27 Ave & 4 St,40.7747175,-73.93378940000002,2017-10-01,2019-07-31,36081008700,128,161,289
3513.0,21 St & Hoyt Ave S,40.774645,-73.92370600000002,2017-10-01,2019-07-31,36081009500,310,292,602
3514.0,Astoria Park S & Shore Blvd,40.7767,-73.927631,2017-10-01,2019-07-31,36081009900,851,853,1704
3532.0,Ditmars Blvd & 19 St,40.78145,-73.9183302,2017-10-01,2019-07-31,36081009900,851,853,1704
3515.0,24 Ave & 26 St,40.774591,-73.918544,2017-10-01,2019-07-31,36081009700,822,841,1663
3524.0,19 St & 24 Ave,40.77745520000001,-73.9225403,2017-10-01,2019-07-31,36081009700,822,841,1663
3516.0,31 St & Astoria Blvd,40.76991760000001,-73.91840570000002,2017-10-01,2019-07-31,36081007100,2111,2091,4202
3614.0,Crescent St & 30 Ave,40.768692,-73.9249574,2017-10-01,2019-07-31,36081007100,2111,2091,4202
3517.0,31 St & Hoyt Ave N,40.771152799999996,-73.9170074,2017-10-01,2019-07-31,36081012500,588,601,1189
3521.0,Lenox Ave & W 111 St,40.7987859,-73.9523,2017-10-01,2019-07-31,36061021600,4793,5014,9807
3553.0,Frederick Douglass Blvd & W 112 St,40.801694,-73.957145,2017-09-01,2019-07-31,36061021600,4793,5014,9807
3522.0,37 St & 24 Ave,40.7701477,-73.9120938,2017-10-01,2019-07-31,36081011700,441,448,889
3523.0,24 Ave & 29 St,40.7729,-73.91614200000002,2017-10-01,2019-07-31,36081011500,1663,1693,3356
3526.0,31 St & 23 Ave,40.7747878,-73.91255509999998,2017-10-01,2019-07-31,36081011500,1663,1693,3356
3525.0,23 Ave & 27 St,40.776165,-73.9153175,2017-10-01,2019-07-31,36081010100,737,773,1510
3530.0,Crescent St & Ditmars Blvd,40.7787185,-73.9145645,2017-10-01,2019-07-31,36081010100,737,773,1510
3528.0,Steinway St & 23 Ave,40.771393700000004,-73.9077436,2017-10-01,2019-07-31,36081011900,364,400,764
3529.0,Lenox Ave & W 130 St,40.8107922,-73.9430681,2017-09-01,2019-07-31,36061020800,1605,1655,3260
3531.0,Frederick Douglass Blvd & W 129 St,40.8125511,-73.9492286,2017-09-01,2019-07-31,36061022400,749,773,1522
3533.0,St. Nicholas Ave & W 126 St,40.8114323,-73.95187759999997,2017-09-01,2019-07-31,36061021500,1259,1306,2565
3536.0,W 116 St & Broadway,40.8082,-73.9641,2017-09-01,2019-07-31,36061020500,3841,2994,6835
3623.0,W 120 St & Claremont Ave,40.8109494,-73.9634,2017-10-01,2019-07-31,36061020500,3841,2994,6835
3537.0,Carlton Ave & Dean St,40.68097410000001,-73.97100970000002,2017-10-01,2019-07-31,36047016300,1143,962,2105
3538.0,W 110 St & Amsterdam Ave,40.802692,-73.96295,2017-09-01,2019-07-31,36061019701,2750,2388,5138
3540.0,Morningside Ave & W 123 St,40.81,-73.9551508,2017-09-01,2019-07-31,36061019701,2750,2388,5138
3543.0,Morningside Dr & Amsterdam Ave,40.81028506306003,-73.95736455917357,2017-12-01,2019-07-31,36061019701,2750,2388,5138
3539.0,W 116 St & Amsterdam Ave,40.8067581,-73.9607082,2017-10-01,2019-07-31,36061020101,1419,951,2370
3541.0,Amsterdam Ave & W 125 St,40.813358,-73.956461,2017-09-01,2019-07-31,36061021100,3863,3716,7579
3545.0,Broadway & W 122 St,40.8120562,-73.9612547,2017-09-01,2019-07-31,36061021100,3863,3716,7579
3547.0,Broadway & Moylan Pl,40.8143256,-73.9590255,2017-09-01,2019-07-31,36061021100,3863,3716,7579
3542.0,Amsterdam Ave & W 119 St,40.8086249,-73.9596214,2017-09-01,2019-07-31,36061020701,2832,2413,5245
3544.0,Underhill Ave & Pacific St,40.6804836,-73.9646795,2017-10-01,2019-07-31,36047020300,2629,2203,4832
3558.0,Bergen St & Vanderbilt Ave,40.6794388,-73.96804379999998,2017-10-01,2019-07-31,36047020300,2629,2203,4832
3546.0,Pacific St & Classon Ave,40.67919439999999,-73.95879029999998,2017-10-01,2019-07-31,36047030500,3076,2539,5615
3562.0,Classon Ave & St Marks Ave,40.676519799999994,-73.9596082,2017-10-01,2019-07-31,36047030500,3076,2539,5615
3569.0,Franklin Ave & St Marks Ave,40.6758324,-73.95616770000002,2017-10-01,2019-07-31,36047030500,3076,2539,5615
3549.0,Grand Ave & Bergen St,40.678045000000004,-73.962408,2017-10-01,2019-07-31,36047020500,1840,1622,3462
3574.0,Prospect Pl & Underhill Ave,40.6769694,-73.96579,2017-10-01,2019-07-31,36047020500,1840,1622,3462
3552.0,W 113 St & Broadway,40.805973,-73.964928,2017-09-01,2019-07-31,36061019900,3089,2418,5507
3554.0,Vernon Blvd & 41 Rd,40.7552433,-73.94856779999998,2017-09-01,2019-07-31,36081003700,232,228,460
3557.0,40 Ave & 9 St,40.75742,-73.945133,2017-10-01,2019-07-31,36081008500,322,338,660
3567.0,11 St & 35 Ave,40.76274420000001,-73.9391141,2017-09-01,2019-07-31,36081008500,322,338,660
3559.0,21 St & 38 Ave,40.7576314,-73.9391224,2017-10-01,2019-07-31,36081004300,683,721,1404
3577.0,34 Ave & 21 St,40.762813799999996,-73.9342862,2017-09-01,2019-07-31,36081004300,683,721,1404
3586.0,34 Ave & 13 St,40.763875299999995,-73.9364848,2017-09-01,2019-07-31,36081004300,683,721,1404
3560.0,28 St & 38 Ave,40.754876,-73.934326,2017-09-01,2019-07-31,36081003100,603,572,1175
3654.0,31 St & Northern Blvd,40.75186951421875,-73.93349289894103,2017-12-01,2019-07-31,36081003100,603,572,1175
3561.0,37 Ave & 35 St,40.7531106,-73.9279917,2017-09-01,2019-07-31,36081005500,577,598,1175
3564.0,21 St & 36 Ave,40.760185299999996,-73.9362726,2017-09-01,2019-07-31,36081004700,880,852,1732
3566.0,Crescent St & 35 Ave,40.7596276,-73.93214549999998,2017-09-01,2019-07-31,36081004700,880,852,1732
3575.0,Crescent St & 34 Ave,40.76108,-73.930562,2017-11-01,2019-07-31,36081004700,880,852,1732
3565.0,36 Ave & 10 St,40.7614376,-73.9411265,2017-09-01,2019-07-31,36081003900,617,591,1208
3646.0,35 Ave & 10 St,40.763154819103725,-73.93985509872438,2017-10-01,2019-07-31,36081003900,617,591,1208
3568.0,34 St & 35 Ave,40.75693320000001,-73.92622309999999,2017-09-01,2019-07-31,36081005700,2229,2182,4411
3570.0,35 Ave & 37 St,40.7557327,-73.92366109999998,2017-09-01,2019-07-31,36081005700,2229,2182,4411
3573.0,35 St & 34 Ave,40.7580583,-73.92427509999997,2017-09-01,2019-07-31,36081005700,2229,2182,4411
3653.0,31 St & 35 Ave,40.75820464696758,-73.92832159996033,2017-12-01,2019-02-28,36081005700,2229,2182,4411
3571.0,Bedford Ave & Bergen St,40.676368,-73.95291800000003,2017-11-01,2019-07-31,36047022100,1449,1234,2683
3578.0,Park Pl & Franklin Ave,40.67418060000001,-73.95649470000002,2017-10-01,2019-07-31,36047022100,1449,1234,2683
3548.0,Pacific St & Bedford Ave,40.6777747,-73.9529322,2017-10-01,2017-12-31,36047022100,1449,1234,2683
3572.0,34 Ave & 38 St,40.756913,-73.921631,2017-09-01,2019-07-31,36081015700,969,936,1905
3576.0,Park Pl & Vanderbilt Ave,40.6767,-73.969024,2017-10-01,2019-07-31,36047020700,4104,3587,7691
3580.0,St Johns Pl & Washington Ave,40.6737236,-73.9631611,2017-10-01,2019-07-31,36047020700,4104,3587,7691
3581.0,Underhill Ave & Lincoln Pl,40.674012299999994,-73.9671457,2017-10-01,2019-07-31,36047020700,4104,3587,7691
3579.0,Sterling Pl & Bedford Ave,40.672695000000004,-73.954131,2017-10-01,2019-07-31,36047021900,1765,1633,3398
3584.0,Eastern Pkwy & Franklin Ave,40.67077670000001,-73.9576801,2017-10-01,2019-07-31,36047021900,1765,1633,3398
3582.0,Lincoln Pl & Classon Ave,40.672168299999996,-73.9609,2017-10-01,2019-07-31,36047021700,414,374,788
3585.0,Union St & Bedford Ave,40.6691783,-73.9554162,2017-10-01,2019-07-31,36047032300,313,257,570
3587.0,Carroll St & Washington Ave,40.6686744,-73.9618148,2017-10-01,2019-07-31,36047021300,193,155,348
3588.0,Vernon Blvd & 10 St,40.7671863,-73.9373554,2017-09-01,2019-07-31,36081004500,1173,1195,2368
3589.0,Broadway & 12 St,40.7668,-73.93477740000002,2017-09-01,2019-07-31,36081004500,1173,1195,2368
3590.0,Carroll St & Franklin Ave,40.6679411,-73.9588,2017-10-01,2019-07-31,36047032500,330,309,639
3631.0,Crown St & Bedford Ave,40.666563000000004,-73.95674100000002,2017-12-01,2019-07-31,36047032500,330,309,639
3594.0,Montgomery St & Franklin Ave OLD,40.6661649,-73.95934840000002,2017-10-01,2018-01-31,36047032500,330,309,639
3591.0,21 St & 31 Dr,40.7659,-73.930819,2017-09-01,2019-07-31,36081007700,868,879,1747
3607.0,31 Ave & 14 St,40.7682,-73.9322662,2017-10-01,2019-07-31,36081007700,868,879,1747
3592.0,Crescent St & Broadway,40.7633589,-73.92864709999998,2017-09-01,2019-07-31,36081005300,919,867,1786
3593.0,31 St & Broadway,40.761584,-73.925921,2017-09-01,2019-07-31,36081005900,2767,2413,5180
3595.0,35 St & Broadway,40.760339,-73.9222427,2017-10-01,2019-07-31,36081005900,2767,2413,5180
3596.0,Sullivan Pl & Bedford Ave,40.6642406,-73.9574686,2017-10-01,2019-07-31,36047032700,1436,1441,2877
3599.0,Franklin Ave & Empire Blvd,40.66314000000001,-73.96056949999998,2017-10-01,2019-07-31,36047032700,1436,1441,2877
3601.0,Sterling St & Bedford Ave,40.6627059,-73.9569115,2017-10-01,2019-07-31,36047032700,1436,1441,2877
3604.0,Rogers Ave & Sterling St,40.6630619,-73.95387459999998,2017-10-01,2019-07-31,36047032700,1436,1441,2877
3597.0,43 St & Broadway,40.7577284,-73.9166368,2017-10-01,2019-07-31,36081015900,637,627,1264
3598.0,Newton Rd & 44 St,40.7595701,-73.91426779999998,2017-09-01,2019-07-31,36081015300,612,597,1209
3602.0,31 Ave & 34 St,40.763154,-73.920827,2017-09-01,2019-07-31,36081006300,1921,1823,3744
3603.0,31 Ave & 30 St,40.7647,-73.9240312,2017-09-01,2019-07-31,36081006300,1921,1823,3744
3605.0,31 Ave & Crescent St,40.76583460000001,-73.9265474,2017-09-01,2019-07-31,36081007300,695,686,1381
3609.0,Vernon Blvd & 31 Ave,40.7692475,-73.93545040000002,2017-09-01,2019-07-31,36081008100,1080,1200,2280
3610.0,Vernon Blvd & 30 Rd,40.770845,-73.93417099999998,2017-09-01,2019-07-31,36081008100,1080,1200,2280
3612.0,30 Ave & 21 St,40.77037429999999,-73.9286078,2017-10-01,2019-07-31,36081008300,310,327,637
3616.0,Steinway St & 28 Ave,40.7656251,-73.9136695,2017-10-01,2019-07-31,36081014300,886,874,1760
3617.0,28 Ave & 35 St,40.7671,-73.9169858,2017-10-01,2019-07-31,36081006501,586,557,1143
3619.0,Newtown Ave & 23 St,40.7713615,-73.9246145,2017-10-01,2019-07-31,36081006900,641,638,1279
3621.0,27 Ave & 9 St,40.7739825,-73.93091340000002,2017-10-01,2019-07-31,36081009100,234,236,470
3622.0,E 128 St & Madison Ave,40.807559999999995,-73.93918199999997,2017-10-01,2019-07-31,36061020600,319,317,636
3635.0,W 36 St & 9 Ave,40.754623240291046,-73.99516761302948,2017-09-01,2018-08-31,36061011100,7560,6037,13597
3649.0,W 129 St & Convent Ave,40.81439443791581,-73.95324736833571,2017-11-01,2019-07-31,36061021303,110,111,221
